"part","altPart","loc","altConvCost","altConvTime"
**column a = old make from PN, dolumn b = new demand PN
*0000000P5881,0000000P5881,918,0,0
*0000011P3873,0000011P3873,918,0,0
*0000011P4951,0000011P4951,918,0,0
*0000011P4952,0000011P4952,918,0,0
*0000016R0544,0000016R0544,918,0,0
*0000016R0696,0000016R0696,918,0,0
*0000016R1098,0000016R1098,918,0,0
*0000016R1159,0000016R1159,918,0,0
*0000016R1167,0000016R1167,918,0,0
*0000016R1243,0000016R1243,918,0,0
*0000016R1245,0000016R1245,918,0,0
*0000044P4062,0000044P4062,918,0,0
*0000044P4065,0000044P4065,918,0,0
*0000044P4066,0000044P4066,918,0,0
*0000044P4717,0000044P4717,918,0,0
*0000044P4717,0000044P4717,918,0,0
*0000053P4242,0000053P4242,918,0,0
*0000097P2231,0000097P2231,918,0,0
*0000097P2241,0000097P2241,918,0,0
*0000097P2246,0000097P2246,918,0,0
*0000097P2253,0000097P2253,918,0,0
*0000097P2260,0000097P2260,918,0,0
*0000097P2267,0000097P2267,918,0,0
*0000097P2277,0000097P2277,918,0,0
*0000097P2282,0000097P2282,918,0,0
*0000097P2289,0000097P2289,918,0,0
*0000097P2296,0000097P2296,918,0,0
0000000P5154,0000000P5881,918,0,0
0000000P5157,0000044P4065,918,0,0
0000000P5158,0000044P4065,918,0,0
0000016R0534,0000016R0534,918,0,0
0000016R0535,0000016R0536,918,0,0
0000016R0536,0000016R0536,918,0,0
0000016R1098,0000016R1243,918,0,0
0000016R1243,0000016R1243,918,0,0
0000016R1244,0000016R1245,918,0,0
0000044P3772,0000016R0544,918,0,0
0000044P4038,0000016R0544,918,0,0
0000044P4062,0000044P4066,918,0,0
0000044P4063,0000044P4062,918,0,0
0000044P4063,0000044P4066,918,0,0
0000044P4064,0000044P4065,918,0,0
0000044P4066,0000044P4062,918,0,0
0000044P4633,0000044P4633,918,0,0
0000044P4641,0000016R0544,918,0,0
0000044P4734,0000044P4065,918,0,0
0000044P4735,0000044P4065,918,0,0
0000044P4834,0000016R0544,918,0,0
0000053P0374,0000097P2161,918,0,0
0000053P0378,0000097P2171,918,0,0
0000053P0382,0000097P2178,918,0,0
0000053P0386,0000097P2199,918,0,0
0000053P0394,0000097P2216,918,0,0
0000053P1011,0000053P4160,918,0,0
0000053P1018,0000097P2194,918,0,0
0000053P4165,0000097P2161,918,0,0
0000053P4175,0000097P2171,918,0,0
0000053P4182,0000097P2178,918,0,0
0000053P4196,0000097P2194,918,0,0
0000053P4201,0000097P2199,918,0,0
0000053P4218,0000097P2216,918,0,0
0000053P4247,0000097P2241,918,0,0
0000053P4252,0000097P2246,918,0,0
0000053P4253,0000097P2246,918,0,0
0000053P4259,0000097P2253,918,0,0
0000053P4266,0000097P2260,918,0,0
0000053P4268,0000097P2260,918,0,0
0000053P4273,0000097P2267,918,0,0
0000053P4278,0000097P2277,918,0,0
0000053P4283,0000097P2282,918,0,0
0000053P4290,0000097P2289,918,0,0
0000053P4297,0000097P2296,918,0,0
0000053P4299,0000097P2296,918,0,0
0000053P4360,0000097P2253,918,0,0
0000053P4381,0000097P2282,918,0,0
0000053P4388,0000097P2289,918,0,0
0000000P3171,0000000P5788,934,0,0
0000000P3204,0000009P5738,934,0,0
0000000P3206,0000009P5738,934,0,0
0000000P4045,0000009P3084,934,0,0
0000000P4045,0000080P5522,934,0,0
0000000P4050,0000009P3084,934,0,0
0000000P4050,0000080P5522,934,0,0
0000000P5506,0000009P3084,934,0,0
0000000P5506,0000080P5522,934,0,0
0000000P5511,0000009P3084,934,0,0
0000000P5511,0000080P5522,934,0,0
0000003N5633,0000080P4906,934,0,0
0000003N5830,0000080P6789,934,0,0
0000003N6603,0000080P4071,934,0,0
0000009P6574,0000009P5738,934,0,0
0000018P1452,0000018P4987,934,0,0
0000018P1455,0000018P4988,934,0,0
0000018P2555,0000018P4987,934,0,0
0000018P2556,0000018P4988,934,0,0
0000018P4570,0000022R1128,934,0,0
0000018P5860,0000017P6699,934,0,0
0000019P3431,0000019P5324,934,0,0
0000019P3432,0000019P5326,934,0,0
0000019P3613,0000019P5350,934,0,0
0000024R0396,0000019P4798,934,0,0
0000024R0688,0000024R1414,934,0,0
0000024R0966,0000019P4960,934,0,0
0000035L0523,0000035L0524,934,0,0
0000039J0402,0000097P6586,934,0,0
0000039J0974,0000097P6219,934,0,0
0000039J3303,0000097P6585,934,0,0
0000053P0949,0000053P0948,934,0,0
0000053P5574,0000097P5630,934,0,0
0000064P8000,0000064P8176,934,0,0
0000080P2350,0000000P5788,934,0,0
0000080P2834,0000080P4990,934,0,0
0000080P3168,0000009P3084,934,0,0
0000080P3168,0000080P5522,934,0,0
0000080P3171,0000009P3084,934,0,0
0000080P3171,0000080P5522,934,0,0
0000080P3179,0000080P4915,934,0,0
0000080P3600,0000080P5493,934,0,0
0000080P3670,0000080P4915,934,0,0
0000080P4102,0000080P5494,934,0,0
0000080P4105,0000080P4915,934,0,0
0000080P4376,0000009P5738,934,0,0
0000080P4450,0000009P3084,934,0,0
0000080P4450,0000080P5522,934,0,0
0000080P4456,0000009P3084,934,0,0
0000080P4456,0000080P5522,934,0,0
0000080P4556,0000080P4857,934,0,0
0000080P4916,0000080P4915,934,0,0
0000080P4933,0000080P6460,934,0,0
0000080P4993,0000000P4414,934,0,0
0000080P4993,0000024R0622,934,0,0
0000080P4993,0000024R5730,934,0,0
0000080P4993,0000080P5156,934,0,0
0000080P4993,0000080P5169,934,0,0
0000080P4993,0000080P5174,934,0,0
0000080P4993,0000080P5252,934,0,0
0000080P4993,0000080P6457,934,0,0
0000080P4995,0000080P5164,934,0,0
0000080P5115,0000080P4069,934,0,0
0000080P5478,0000080P5493,934,0,0
0000080P5484,0000080P5493,934,0,0
0000080P6006,0000080P4906,934,0,0
0000080P6219,0000080P4915,934,0,0
0000080P6436,0000009P5738,934,0,0
0000080P6439,0000009P3084,934,0,0
0000080P6439,0000080P5522,934,0,0
0000080P6442,0000009P3084,934,0,0
0000080P6442,0000080P5522,934,0,0
0000080P6746,0000009P5738,934,0,0
0000080P6747,0000009P3084,934,0,0
0000080P6747,0000080P5522,934,0,0
0000080P6748,0000009P3084,934,0,0
0000080P6748,0000080P5522,934,0,0
0000097P3753,0000097P6219,934,0,0
0000097P4766,0000097P6585,934,0,0
0000097P5666,0000097P6219,934,0,0
0000097P5935,0000097P6585,934,0,0
0000097P5944,0000097P6585,934,0,0
0000097P6318,0000097P6585,934,0,0
0000097P6336,0000097P6585,934,0,0
0000097P6427,0000097P6219,934,0,0
0000097P6635,0000097P6585,934,0,0
0000097P6636,0000097P6586,934,0,0
0000097P6644,0000097P6585,934,0,0
0000097P6645,0000097P6586,934,0,0
0000000P3171,0000000P5788,970,0,0
0000000P3204,0000009P5738,970,0,0
0000000P3206,0000009P5738,970,0,0
0000000P4045,0000009P3084,970,0,0
0000000P4045,0000080P5522,970,0,0
0000000P4050,0000009P3084,970,0,0
0000000P4050,0000080P5522,970,0,0
0000000P5506,0000009P3084,970,0,0
0000000P5506,0000080P5522,970,0,0
0000000P5511,0000009P3084,970,0,0
0000000P5511,0000080P5522,970,0,0
0000003N5633,0000080P4906,970,0,0
0000003N5830,0000080P6789,970,0,0
0000003N6603,0000080P4071,970,0,0
0000009P6574,0000009P5738,970,0,0
0000018P1452,0000018P4987,970,0,0
0000018P1455,0000018P4988,970,0,0
0000018P2555,0000018P4987,970,0,0
0000018P2556,0000018P4988,970,0,0
0000018P5860,0000017P6699,970,0,0
0000019P3431,0000019P5324,970,0,0
0000019P3432,0000019P5326,970,0,0
0000019P3613,0000019P5350,970,0,0
0000024R0396,0000019P4798,970,0,0
0000024R0966,0000019P4960,970,0,0
0000035L0523,0000035L0524,970,0,0
0000039J0402,0000097P6586,970,0,0
0000039J0974,0000097P6219,970,0,0
0000039J3303,0000097P6585,970,0,0
0000053P0949,0000053P0948,970,0,0
0000053P5574,0000097P5630,970,0,0
0000080P2350,0000000P5788,970,0,0
0000080P2834,0000080P4990,970,0,0
0000080P3168,0000009P3084,970,0,0
0000080P3168,0000080P5522,970,0,0
0000080P3171,0000009P3084,970,0,0
0000080P3171,0000080P5522,970,0,0
0000080P3179,0000080P4915,970,0,0
0000080P3600,0000080P5493,970,0,0
0000080P3670,0000080P4915,970,0,0
0000080P4102,0000080P5494,970,0,0
0000080P4105,0000080P4915,970,0,0
0000080P4376,0000009P5738,970,0,0
0000080P4450,0000009P3084,970,0,0
0000080P4450,0000080P5522,970,0,0
0000080P4456,0000009P3084,970,0,0
0000080P4456,0000080P5522,970,0,0
0000080P4556,0000080P4857,970,0,0
0000080P4916,0000080P4915,970,0,0
0000080P4933,0000080P6460,970,0,0
0000080P4993,0000000P4414,970,0,0
0000080P4993,0000024R0622,970,0,0
0000080P4993,0000024R5730,970,0,0
0000080P4993,0000080P5156,970,0,0
0000080P4993,0000080P5169,970,0,0
0000080P4993,0000080P5174,970,0,0
0000080P4993,0000080P5252,970,0,0
0000080P4993,0000080P6457,970,0,0
0000080P4995,0000080P5164,970,0,0
0000080P5115,0000080P4069,970,0,0
0000080P5478,0000080P5493,970,0,0
0000080P5484,0000080P5493,970,0,0
0000080P6006,0000080P4906,970,0,0
0000080P6219,0000080P4915,970,0,0
0000080P6436,0000009P5738,970,0,0
0000080P6439,0000009P3084,970,0,0
0000080P6439,0000080P5522,970,0,0
0000080P6442,0000009P3084,970,0,0
0000080P6442,0000080P5522,970,0,0
0000080P6746,0000009P5738,970,0,0
0000080P6747,0000009P3084,970,0,0
0000080P6747,0000080P5522,970,0,0
0000080P6748,0000009P3084,970,0,0
0000080P6748,0000080P5522,970,0,0
0000097P3753,0000097P6219,970,0,0
0000097P4766,0000097P6585,970,0,0
0000097P5666,0000097P6219,970,0,0
0000097P5935,0000097P6585,970,0,0
0000097P5944,0000097P6585,970,0,0
0000097P6318,0000097P6585,970,0,0
0000097P6336,0000097P6585,970,0,0
0000097P6427,0000097P6219,970,0,0
0000097P6635,0000097P6585,970,0,0
0000097P6636,0000097P6586,970,0,0
0000097P6644,0000097P6585,970,0,0
0000097P6645,0000097P6586,970,0,0
0000000P6052,0000009P2693,980,0,0
0000009L3301,0000009L3299,980,0,0
0000009P0581,0000009P1664,980,0,0
0000009P0584,0000009P1456,980,0,0
0000011K0826,0000000P2402,980,0,0
0000053P2676,0000021P5454,980,0,0
0000053P4165,0000097P2161,980,0,0
0000053P4218,0000053P0394,980,0,0
0000053P4218,0000097P2216,980,0,0
0000080P3516,0000097P2313,980,0,0
0000080P4694,0000080P3897,980,0,0
0000097P1457,0000007K8666,980,0,0
0000097P1457,0000007K9243,980,0,0
0000097P3747,0000053P4402,980,0,0
0000097P3942,0000053P3943,980,0,0
0000097P5354,0000053P4486,980,0,0
0000097P5760,0000097P3640,980,0,0
0000097P5761,0000097P3641,980,0,0
0000097P5762,0000097P3642,980,0,0
0000000P3171,0000000P5788,983,0,0
0000000P3204,0000009P5738,983,0,0
0000000P3206,0000009P5738,983,0,0
0000000P4045,0000009P3084,983,0,0
0000000P4045,0000080P5522,983,0,0
0000000P4050,0000009P3084,983,0,0
0000000P4050,0000080P5522,983,0,0
0000000P5506,0000009P3084,983,0,0
0000000P5506,0000080P5522,983,0,0
0000000P5511,0000009P3084,983,0,0
0000000P5511,0000080P5522,983,0,0
0000003N5633,0000080P4906,983,0,0
0000003N5830,0000080P6789,983,0,0
0000003N6603,0000080P4071,983,0,0
0000009P6574,0000009P5738,983,0,0
0000018P1452,0000018P4987,983,0,0
0000018P1455,0000018P4988,983,0,0
0000018P2555,0000018P4987,983,0,0
0000018P2556,0000018P4988,983,0,0
0000018P5860,0000017P6699,983,0,0
0000019P3431,0000019P5324,983,0,0
0000019P3432,0000019P5326,983,0,0
0000019P3613,0000019P5350,983,0,0
0000024R0396,0000019P4798,983,0,0
0000024R0966,0000019P4960,983,0,0
0000035L0523,0000035L0524,983,0,0
0000039J0402,0000097P6586,983,0,0
0000039J0974,0000097P6219,983,0,0
0000039J3303,0000097P6585,983,0,0
0000053P0949,0000053P0948,983,0,0
0000053P5574,0000097P5630,983,0,0
0000080P2350,0000000P5788,983,0,0
0000080P2834,0000080P4990,983,0,0
0000080P3168,0000009P3084,983,0,0
0000080P3168,0000080P5522,983,0,0
0000080P3171,0000009P3084,983,0,0
0000080P3171,0000080P5522,983,0,0
0000080P3179,0000080P4915,983,0,0
0000080P3600,0000080P5493,983,0,0
0000080P3670,0000080P4915,983,0,0
0000080P4102,0000080P5494,983,0,0
0000080P4105,0000080P4915,983,0,0
0000080P4376,0000009P5738,983,0,0
0000080P4450,0000009P3084,983,0,0
0000080P4450,0000080P5522,983,0,0
0000080P4456,0000009P3084,983,0,0
0000080P4456,0000080P5522,983,0,0
0000080P4556,0000080P4857,983,0,0
0000080P4916,0000080P4915,983,0,0
0000080P4933,0000080P6460,983,0,0
0000080P4993,0000000P4414,983,0,0
0000080P4993,0000024R0622,983,0,0
0000080P4993,0000024R5730,983,0,0
0000080P4993,0000080P5156,983,0,0
0000080P4993,0000080P5169,983,0,0
0000080P4993,0000080P5174,983,0,0
0000080P4993,0000080P5252,983,0,0
0000080P4993,0000080P6457,983,0,0
0000080P4995,0000080P5164,983,0,0
0000080P5115,0000080P4069,983,0,0
0000080P5478,0000080P5493,983,0,0
0000080P5484,0000080P5493,983,0,0
0000080P6006,0000080P4906,983,0,0
0000080P6219,0000080P4915,983,0,0
0000080P6436,0000009P5738,983,0,0
0000080P6439,0000009P3084,983,0,0
0000080P6439,0000080P5522,983,0,0
0000080P6442,0000009P3084,983,0,0
0000080P6442,0000080P5522,983,0,0
0000080P6746,0000009P5738,983,0,0
0000080P6747,0000009P3084,983,0,0
0000080P6747,0000080P5522,983,0,0
0000080P6748,0000009P3084,983,0,0
0000080P6748,0000080P5522,983,0,0
0000097P3753,0000097P6219,983,0,0
0000097P4766,0000097P6585,983,0,0
0000097P5666,0000097P6219,983,0,0
0000097P5935,0000097P6585,983,0,0
0000097P5944,0000097P6585,983,0,0
0000097P6318,0000097P6585,983,0,0
0000097P6336,0000097P6585,983,0,0
0000097P6427,0000097P6219,983,0,0
0000097P6635,0000097P6585,983,0,0
0000097P6636,0000097P6586,983,0,0
0000097P6644,0000097P6585,983,0,0
0000097P6645,0000097P6586,983,0,0
**0000044P4719,0000016R1192,992,0,0
*0000016R1243,0000044P4717,992,0,0
*0000031L7567,0000051H8700,992,0,0
*0000097P2171,0000053P0378,992,0,0
0000000P1476,0000009P4146,992,0,0
0000000P2526,0000080P4527,992,0,0
0000000P3055,0000000P4499,992,0,0
0000000P3056,0000000P6130,992,0,0
0000000P3792,0000012R6955,992,0,0
0000000P3793,0000012R6957,992,0,0
0000000P3809,0000000P3828,992,0,0
0000000P3810,0000000P3830,992,0,0
0000000P3811,0000003N5259,992,0,0
0000000P3832,0000000P3811,992,0,0
0000000P3832,0000003N5259,992,0,0
0000000P3834,0000000P3944,992,0,0
0000000P3834,0000003N5264,992,0,0
0000000P3944,0000003N5264,992,0,0
0000000P4017,0000000P4811,992,0,0
0000000P4289,0000000P6131,992,0,0
0000000P4290,0000000P6132,992,0,0
0000000P4295,0000080P4543,992,0,0
0000000P4494,0000080P3388,992,0,0
0000000P4501,0000000P6130,992,0,0
0000000P5258,0000003N5274,992,0,0
0000000P5371,0000080P6576,992,0,0
0000000P5889,0000000P4811,992,0,0
0000002K3488,0000080P4638,992,0,0
0000003N4554,0000003N6819,992,0,0
0000003N4563,0000003N6830,992,0,0
0000003N4675,0000003N6801,992,0,0
0000003N5447,0000010N7269,992,0,0
0000003N5562,0000003N6830,992,0,0
0000003N5912,0000003N6819,992,0,0
0000003N6324,0000003N5259,992,0,0
0000003N6329,0000003N5264,992,0,0
0000003N6339,0000003N5274,992,0,0
0000003N6349,0000003N5284,992,0,0
0000003N6441,0000003N7069,992,0,0
0000003N6748,0000010N6707,992,0,0
0000003N6924,0000003N7070,992,0,0
0000003N6929,0000010N6716,992,0,0
0000003N6930,0000003N7071,992,0,0
0000003N6973,0000010N8587,992,0,0
0000003N6981,0000010N8586,992,0,0
0000005N4595,0000005N5824,992,0,0
0000005N4613,0000012K0667,992,0,0
0000005N5292,0000041V0143,992,0,0
0000005N6767,0000012R9312,992,0,0
0000007H5349,0000044P3577,992,0,0
0000008L3147,0000008L3148,992,0,0
0000009P1722,0000009P0144,992,0,0
0000009P3906,0000044P3585,992,0,0
0000009P3935,0000044P3584,992,0,0
0000009P4434,0000000P3828,992,0,0
0000009P4444,0000000P3830,992,0,0
0000009P4481,0000009P4479,992,0,0
0000009P4520,0000009P4542,992,0,0
0000009P5308,0000000P3828,992,0,0
0000009P5309,0000000P3810,992,0,0
0000009P5309,0000000P3830,992,0,0
0000010J0077,0000012R7867,992,0,0
0000010R9912,0000041M9528,992,0,0
0000011J5332,0000044P2801,992,0,0
0000011K0276,0000044P3584,992,0,0
0000011P0127,0000044P1486,992,0,0
0000011P0719,0000044P1073,992,0,0
0000011P0906,0000011P3417,992,0,0
0000011P0908,0000011P2675,992,0,0
0000011P0917,0000041V0007,992,0,0
0000011P0918,0000041V0008,992,0,0
0000011P0998,0000012R6332,992,0,0
0000011P1004,0000011P4398,992,0,0
0000011P1006,0000011P3807,992,0,0
0000011P1129,0000011P1131,992,0,0
0000011P1130,0000011P1132,992,0,0
0000011P1212,0000011P4409,992,0,0
0000011P1540,0000044P2471,992,0,0
0000011P1707,0000011P3557,992,0,0
0000011P1787,0000044P3865,992,0,0
0000011P1818,0000041U0268,992,0,0
0000011P1925,0000011P4398,992,0,0
0000011P1927,0000011P3807,992,0,0
0000011P1947,0000044P1217,992,0,0
0000011P2468,0000044P4382,992,0,0
0000011P2469,0000044P4383,992,0,0
0000011P2486,0000011P3808,992,0,0
0000011P2947,0000044P1217,992,0,0
0000011P3039,0000044P1124,992,0,0
0000011P3265,0000012R9233,992,0,0
0000011P3419,0000011P2675,992,0,0
0000011P3524,0000041V2295,992,0,0
0000011P3582,0000041V0686,992,0,0
0000011P3602,0000012R6859,992,0,0
0000011P3645,0000044P1221,992,0,0
0000011P3652,0000044P3450,992,0,0
0000011P3654,0000044P1487,992,0,0
0000011P3732,0000041U0012,992,0,0
0000011P3744,0000012R7291,992,0,0
0000011P3847,0000012R9314,992,0,0
0000011P3855,0000011P3809,992,0,0
0000011P3875,0000044P0360,992,0,0
0000011P3992,0000044P4565,992,0,0
0000011P4205,0000044P4543,992,0,0
0000011P4624,0000012R9234,992,0,0
0000011P4661,0000044P2542,992,0,0
0000011P4752,0000012R7504,992,0,0
0000011P4752,0000044P4502,992,0,0
0000011P4754,0000044P4503,992,0,0
0000011P4845,0000012R7504,992,0,0
0000011P4845,0000044P4502,992,0,0
0000011P4847,0000044P4503,992,0,0
0000011P4936,0000012R9149,992,0,0
0000011P4972,0000044P4348,992,0,0
0000012K0551,0000011P0771,992,0,0
0000012R6164,0000012R9704,992,0,0
0000012R6170,0000012R7165,992,0,0
0000012R6170,0000012R7168,992,0,0
0000012R6202,0000012R6683,992,0,0
0000012R6202,0000012R6848,992,0,0
0000012R6202,0000012R7567,992,0,0
0000012R6205,0000012R6686,992,0,0
0000012R6205,0000012R6850,992,0,0
0000012R6205,0000012R7570,992,0,0
0000012R6223,0000016R1162,992,0,0
0000012R6223,0000044P4865,992,0,0
0000012R6226,0000012R6573,992,0,0
0000012R6226,0000012R9430,992,0,0
0000012R6227,0000012R9200,992,0,0
0000012R6249,0000012R9315,992,0,0
0000012R6269,0000012R6271,992,0,0
0000012R6269,0000016R1163,992,0,0
0000012R6270,0000012R6271,992,0,0
0000012R6270,0000016R1163,992,0,0
0000012R6272,0000012R6271,992,0,0
0000012R6272,0000016R1163,992,0,0
0000012R6273,0000012R6271,992,0,0
0000012R6273,0000016R1163,992,0,0
0000012R6302,0000012R9722,992,0,0
0000012R6304,0000041V0355,992,0,0
0000012R6377,0000012R6262,992,0,0
0000012R6406,0000039X5841,992,0,0
0000012R6407,0000039X5841,992,0,0
0000012R6408,0000039X5841,992,0,0
0000012R6474,0000012R7289,992,0,0
0000012R6475,0000012R7290,992,0,0
0000012R6494,0000041V0146,992,0,0
0000012R6530,0000042V2206,992,0,0
0000012R6539,0000012R8245,992,0,0
0000012R6571,0000012R6856,992,0,0
0000012R6571,0000012R8782,992,0,0
0000012R6573,0000012R9430,992,0,0
0000012R6595,0000012R9471,992,0,0
0000012R6605,0000041U0005,992,0,0
0000012R6683,0000012R6848,992,0,0
0000012R6683,0000012R8771,992,0,0
0000012R6686,0000012R6850,992,0,0
0000012R6686,0000012R8775,992,0,0
0000012R6691,0000016R1162,992,0,0
0000012R6691,0000044P4865,992,0,0
0000012R6700,0000012R7678,992,0,0
0000012R6701,0000012R7805,992,0,0
0000012R6702,0000012R7806,992,0,0
0000012R6719,0000041V2078,992,0,0
0000012R6721,0000041V2081,992,0,0
0000012R6723,0000041V2084,992,0,0
0000012R6765,0000041V0964,992,0,0
0000012R6766,0000041V0965,992,0,0
0000012R6774,0000041V2090,992,0,0
0000012R6848,0000012R8771,992,0,0
0000012R6850,0000012R8775,992,0,0
0000012R6852,0000012R8779,992,0,0
0000012R6856,0000012R8782,992,0,0
0000012R6877,0000012R6271,992,0,0
0000012R6944,0000012R7168,992,0,0
0000012R6984,0000012R6271,992,0,0
0000012R7069,0000012R8567,992,0,0
0000012R7113,0000012R7320,992,0,0
0000012R7165,0000012R7168,992,0,0
0000012R7166,0000012R7168,992,0,0
0000012R7220,0000041V0976,992,0,0
0000012R7221,0000041V0977,992,0,0
0000012R7252,0000041V1230,992,0,0
0000012R7401,0000012R9785,992,0,0
0000012R7567,0000012R8771,992,0,0
0000012R7570,0000012R8775,992,0,0
0000012R7584,0000012R8782,992,0,0
0000012R7666,0000041V2211,992,0,0
0000012R7667,0000012R7837,992,0,0
0000012R7667,0000060H2325,992,0,0
0000012R7668,0000012R7827,992,0,0
0000012R7668,0000060H2322,992,0,0
0000012R7675,0000012R8784,992,0,0
0000012R7710,0000015R6717,992,0,0
0000012R7732,0000012R9350,992,0,0
0000012R7780,0000012R9350,992,0,0
0000012R7827,0000060H2322,992,0,0
0000012R7828,0000060H2322,992,0,0
0000012R7837,0000060H2325,992,0,0
0000012R7838,0000012R7837,992,0,0
0000012R7838,0000060H2325,992,0,0
0000012R7894,0000012R9536,992,0,0
0000012R7899,0000041V2001,992,0,0
0000012R7900,0000041V2005,992,0,0
0000012R7923,0000041V1050,992,0,0
0000012R8018,0000041V2090,992,0,0
0000012R8048,0000012R9000,992,0,0
0000012R8143,0000015R6711,992,0,0
0000012R8144,0000041V2213,992,0,0
0000012R8198,0000041V1584,992,0,0
0000012R8282,0000042V2095,992,0,0
0000012R8285,0000012R9901,992,0,0
0000012R8361,0000012R9201,992,0,0
0000012R8410,0000041V2047,992,0,0
0000012R8423,0000012R8711,992,0,0
0000012R8452,0000041V2087,992,0,0
0000012R8566,0000041U0442,992,0,0
0000012R8569,0000041V1584,992,0,0
0000012R8635,0000060H2322,992,0,0
0000012R8638,0000060H2325,992,0,0
0000012R8656,0000015R7291,992,0,0
0000012R8711,0000012R9763,992,0,0
0000012R8747,0000041V1642,992,0,0
0000012R8749,0000041V2211,992,0,0
0000012R8766,0000041V1050,992,0,0
0000012R8783,0000012R9147,992,0,0
0000012R8801,0000041U0371,992,0,0
0000012R8858,0000041U0005,992,0,0
0000012R8862,0000042V1974,992,0,0
0000012R8991,0000041V2445,992,0,0
0000012R9017,0000041V1050,992,0,0
0000012R9038,0000041U0341,992,0,0
0000012R9087,0000015R7294,992,0,0
0000012R9090,0000015R7297,992,0,0
0000012R9148,0000041V2577,992,0,0
0000012R9359,0000012R8282,992,0,0
0000012R9410,0000041V2078,992,0,0
0000012R9413,0000041V2081,992,0,0
0000012R9416,0000041V2084,992,0,0
0000012R9471,0000015R6709,992,0,0
0000012R9493,0000041V2005,992,0,0
0000012R9494,0000041V2001,992,0,0
0000012R9498,0000041V1110,992,0,0
0000012R9499,0000041V1111,992,0,0
0000012R9516,0000041U0078,992,0,0
0000012R9535,0000041U0125,992,0,0
0000012R9734,0000042R4290,992,0,0
0000012R9800,0000012R9895,992,0,0
0000012R9803,0000041V2005,992,0,0
0000012R9804,0000041V2001,992,0,0
0000012R9805,0000012R8280,992,0,0
0000012R9806,0000012R8281,992,0,0
0000012R9817,0000012R8283,992,0,0
0000012R9818,0000041V2538,992,0,0
0000012R9895,0000041V1227,992,0,0
0000012R9903,0000041V2445,992,0,0
0000016R0045,0000016R0979,992,0,0
0000016R0049,0000016R0985,992,0,0
0000016R0078,0000012R6818,992,0,0
0000016R0081,0000012R7578,992,0,0
0000016R0083,0000016R0566,992,0,0
0000016R0098,0000012R6723,992,0,0
0000016R0101,0000041V1988,992,0,0
0000016R0103,0000015R6716,992,0,0
0000016R0126,0000012R6853,992,0,0
0000016R0203,0000012R7401,992,0,0
0000016R0208,0000012R6226,992,0,0
0000016R0208,0000012R6573,992,0,0
0000016R0208,0000012R9430,992,0,0
0000016R0410,0000012R8531,992,0,0
0000016R0411,0000012R8532,992,0,0
0000016R0455,0000012R6226,992,0,0
0000016R0455,0000012R6573,992,0,0
0000016R0455,0000012R9430,992,0,0
0000016R0504,0000012R6226,992,0,0
0000016R0504,0000012R6573,992,0,0
0000016R0504,0000012R9430,992,0,0
0000016R0696,0000016R0544,992,0,0
0000016R0710,0000012R7165,992,0,0
0000016R0710,0000012R7168,992,0,0
0000016R0722,0000060H1534,992,0,0
0000016R0887,0000012R6774,992,0,0
0000016R0916,0000012R7021,992,0,0
0000016R0933,0000041V1984,992,0,0
0000016R0942,0000041V1992,992,0,0
0000016R1003,0000012R6683,992,0,0
0000016R1003,0000012R6848,992,0,0
0000016R1003,0000012R8771,992,0,0
0000016R1007,0000012R6686,992,0,0
0000016R1007,0000012R6850,992,0,0
0000016R1007,0000012R8775,992,0,0
0000016R1098,0000016R1243,992,0,0
0000016R1098,0000044P4717,992,0,0
0000016R1130,0000016R1680,992,0,0
0000016R1131,0000016R1681,992,0,0
0000016R1132,0000016R1677,992,0,0
0000016R1159,0000016R0544,992,0,0
0000016R1162,0000044P4865,992,0,0
0000016R1163,0000012R6271,992,0,0
0000016R1167,0000016R0544,992,0,0
0000016R1167,0000044P4834,992,0,0
0000016R1169,0000016R1646,992,0,0
0000016R1174,0000012R7506,992,0,0
0000016R1192,0000044P4719,992,0,0
0000016R1280,0000039X5841,992,0,0
0000016R1336,0000012R7734,992,0,0
0000016R1345,0000041V2182,992,0,0
0000016R1346,0000041V2183,992,0,0
0000016R1348,0000041V2184,992,0,0
0000016R1350,0000041V2185,992,0,0
0000016R1352,0000041V2189,992,0,0
0000016R1354,0000041V2190,992,0,0
0000016R1451,0000012R6944,992,0,0
0000016R1451,0000012R7168,992,0,0
0000016R1649,0000012R6852,992,0,0
0000016R1649,0000012R8779,992,0,0
0000016R1653,0000012R6954,992,0,0
0000016R1654,0000012R6956,992,0,0
0000016R1690,0000012R8268,992,0,0
0000019P0484,0000018P7250,992,0,0
0000021K1744,0000040N2290,992,0,0
0000021K1747,0000040N2290,992,0,0
0000021P8219,0000053P3751,992,0,0
0000021P8267,0000039J2432,992,0,0
0000031P7505,0000006P4031,992,0,0
0000031P7507,0000006P4031,992,0,0
0000032R5830,0000040N2061,992,0,0
0000032R7059,0000040N2290,992,0,0
0000032R7819,0000040N2061,992,0,0
0000038R1282,0000040N2290,992,0,0
0000038R1285,0000040N2291,992,0,0
0000038R2153,0000040N2061,992,0,0
0000038R2154,0000040N2061,992,0,0
0000038R2634,0000040N2290,992,0,0
0000038R2720,0000040N2291,992,0,0
0000039J0188,0000039J2750,992,0,0
0000039J2432,0000042R4695,992,0,0
0000039N4473,0000040N2290,992,0,0
0000039N4474,0000040N2291,992,0,0
0000039X5716,0000040N2290,992,0,0
0000039X5718,0000040N2291,992,0,0
0000039X5719,0000040N2291,992,0,0
0000039X5795,0000040N2290,992,0,0
0000039X5796,0000040N2291,992,0,0
0000039X5797,0000040N2291,992,0,0
0000039X5838,0000039X5841,992,0,0
0000039X5839,0000039X5841,992,0,0
0000039X5840,0000039X5841,992,0,0
0000039X5842,0000039X5841,992,0,0
0000039X5843,0000039X5841,992,0,0
0000039X5854,0000040N2061,992,0,0
0000039X5855,0000040N2061,992,0,0
0000039X5856,0000040N2061,992,0,0
0000039X5857,0000040N2061,992,0,0
0000039X5925,0000040N2290,992,0,0
0000039X5954,0000040N2061,992,0,0
0000039X5955,0000040N2061,992,0,0
0000039X6287,0000040N2290,992,0,0
0000039X6288,0000040N2290,992,0,0
0000039X6290,0000040N2291,992,0,0
0000039X6291,0000040N2291,992,0,0
0000040N1252,0000060H2327,992,0,0
0000040N1604,0000040N2061,992,0,0
0000040N1605,0000040N2061,992,0,0
0000040N1606,0000040N2061,992,0,0
0000040N1607,0000040N2061,992,0,0
0000040N1737,0000040N2061,992,0,0
0000040N1738,0000040N2061,992,0,0
0000040N1739,0000040N2061,992,0,0
0000040N1740,0000040N2061,992,0,0
0000040N2046,0000040N2061,992,0,0
0000040N2047,0000040N2061,992,0,0
0000040N2048,0000040N2061,992,0,0
0000040N2049,0000040N2061,992,0,0
0000040N2050,0000040N2061,992,0,0
0000040N2052,0000040N2061,992,0,0
0000040N2053,0000040N2061,992,0,0
0000040N2292,0000040N2291,992,0,0
0000040N2474,0000040N2061,992,0,0
0000040N2475,0000040N2061,992,0,0
0000040N3004,0000040N3003,992,0,0
0000040N3636,0000040N3686,992,0,0
0000040N3637,0000040N3686,992,0,0
0000040N3685,0000040N3686,992,0,0
0000041L5233,0000000P5919,992,0,0
0000041U0321,0000042V2041,992,0,0
0000041U0322,0000042V2042,992,0,0
0000041U0323,0000042V2043,992,0,0
0000041U0324,0000042V2044,992,0,0
0000041U0424,0000041V2058,992,0,0
0000041V0019,0000041V2201,992,0,0
0000041V0403,0000041V1586,992,0,0
0000041V0946,0000041V1228,992,0,0
0000041V1036,0000041V2584,992,0,0
0000041V1069,0000041V2539,992,0,0
0000041V1643,0000042V2206,992,0,0
0000041V1849,0000041V2087,992,0,0
0000041V1856,0000041V2058,992,0,0
0000041V1915,0000015R7017,992,0,0
0000041V1916,0000015R7018,992,0,0
0000041V1917,0000015R7019,992,0,0
0000041V1918,0000015R7020,992,0,0
0000041V1955,0000041V2093,992,0,0
0000041V1956,0000041V2095,992,0,0
0000041V1957,0000041V2097,992,0,0
0000041V2162,0000016R1192,992,0,0
0000041V2163,0000016R1192,992,0,0
0000041V2164,0000016R1192,992,0,0
0000041V2165,0000016R1243,992,0,0
0000044H2756,0000041V1238,992,0,0
0000044P0080,0000016R1646,992,0,0
0000044P0107,0000044P2324,992,0,0
0000044P0127,0000044P4472,992,0,0
0000044P0144,0000044P4026,992,0,0
0000044P0160,0000011P3873,992,0,0
0000044P0187,0000044P2868,992,0,0
0000044P0200,0000044P2542,992,0,0
0000044P0231,0000012R6697,992,0,0
0000044P0231,0000012R6697,992,0,0
0000044P0261,0000044P4141,992,0,0
0000044P0270,0000044P4142,992,0,0
0000044P0363,0000044P0657,992,0,0
0000044P0512,0000012R9344,992,0,0
0000044P0671,0000044P2609,992,0,0
0000044P0902,0000044P1487,992,0,0
0000044P1010,0000044P4502,992,0,0
0000044P1011,0000044P4503,992,0,0
0000044P1174,0000016R1679,992,0,0
0000044P1292,0000016R1683,992,0,0
0000044P1362,0000044P2868,992,0,0
0000044P1383,0000012R6696,992,0,0
0000044P1399,0000044P4069,992,0,0
0000044P1415,0000044P2542,992,0,0
0000044P1520,0000012R6697,992,0,0
0000044P1599,0000016R1646,992,0,0
0000044P1655,0000016R1678,992,0,0
0000044P1779,0000044P2135,992,0,0
0000044P1809,0000044P3508,992,0,0
0000044P1841,0000041U0112,992,0,0
0000044P1914,0000015R6748,992,0,0
0000044P1944,0000016R1679,992,0,0
0000044P1958,0000044P4543,992,0,0
0000044P1969,0000060G7577,992,0,0
0000044P1998,0000041V0426,992,0,0
0000044P2007,0000044P3187,992,0,0
0000044P2011,0000016R1682,992,0,0
0000044P2012,0000016R1683,992,0,0
0000044P2013,0000016R1684,992,0,0
0000044P2025,0000012R6721,992,0,0
0000044P2118,0000016R0002,992,0,0
0000044P2179,0000044P4379,992,0,0
0000044P2255,0000044P3436,992,0,0
0000044P2286,0000015R6712,992,0,0
0000044P2289,0000041V0075,992,0,0
0000044P2290,0000041V0076,992,0,0
0000044P2435,0000041V0005,992,0,0
0000044P2436,0000041V0006,992,0,0
0000044P2460,0000012R6698,992,0,0
0000044P2463,0000044P2994,992,0,0
0000044P2481,0000016R1646,992,0,0
0000044P2527,0000012R6168,992,0,0
0000044P2547,0000012R6260,992,0,0
0000044P2708,0000016R1172,992,0,0
0000044P2711,0000016R1695,992,0,0
0000044P2714,0000016R1173,992,0,0
0000044P2714,0000016R1173,992,0,0
0000044P2717,0000012R7506,992,0,0
0000044P2717,0000016R1174,992,0,0
0000044P2718,0000015R6747,992,0,0
0000044P2793,0000016R0002,992,0,0
0000044P2938,0000044P4021,992,0,0
0000044P3039,0000012R8039,992,0,0
0000044P3039,0000044P3988,992,0,0
0000044P3044,0000060G7577,992,0,0
0000044P3164,0000016R0933,992,0,0
0000044P3168,0000016R0101,992,0,0
0000044P3172,0000016R0942,992,0,0
0000044P3260,0000012R6948,992,0,0
0000044P3327,0000012R8219,992,0,0
0000044P3392,0000041V0003,992,0,0
0000044P3393,0000041V0004,992,0,0
0000044P3399,0000044P3188,992,0,0
0000044P3455,0000012R6260,992,0,0
0000044P3470,0000016R1695,992,0,0
0000044P3477,0000016R1695,992,0,0
0000044P3594,0000044P4349,992,0,0
0000044P3661,0000012R6342,992,0,0
0000044P3661,0000012R6664,992,0,0
0000044P3763,0000016R0093,992,0,0
0000044P3797,0000041V1226,992,0,0
0000044P3865,0000012R9323,992,0,0
0000044P3902,0000044P4642,992,0,0
0000044P3960,0000012R9278,992,0,0
0000044P3981,0000012R9065,992,0,0
0000044P3988,0000012R8039,992,0,0
0000044P4036,0000016R1161,992,0,0
0000044P4036,0000044P4820,992,0,0
0000044P4037,0000016R1161,992,0,0
0000044P4037,0000044P4820,992,0,0
0000044P4038,0000016R0544,992,0,0
0000044P4038,0000044P4834,992,0,0
0000044P4039,0000060G7592,992,0,0
0000044P4040,0000060G7598,992,0,0
0000044P4044,0000016R1046,992,0,0
0000044P4045,0000016R1045,992,0,0
0000044P4059,0000012R6571,992,0,0
0000044P4059,0000012R6856,992,0,0
0000044P4059,0000012R8782,992,0,0
0000044P4061,0000041V2295,992,0,0
0000044P4062,0000016R1243,992,0,0
0000044P4062,0000044P4717,992,0,0
0000044P4063,0000016R1243,992,0,0
0000044P4063,0000044P4717,992,0,0
0000044P4064,0000016R1244,992,0,0
0000044P4064,0000044P4734,992,0,0
0000044P4066,0000016R1243,992,0,0
0000044P4066,0000044P4717,992,0,0
0000044P4217,0000041U0092,992,0,0
0000044P4218,0000041U0093,992,0,0
0000044P4220,0000041U0111,992,0,0
0000044P4247,0000041U0108,992,0,0
0000044P4423,0000012R6719,992,0,0
0000044P4502,0000012R7504,992,0,0
0000044P4588,0000012R6852,992,0,0
0000044P4588,0000012R8779,992,0,0
0000044P4588,0000016R1649,992,0,0
0000044P4601,0000016R1172,992,0,0
0000044P4602,0000016R1173,992,0,0
0000044P4603,0000012R7506,992,0,0
0000044P4603,0000016R1174,992,0,0
0000044P4606,0000041V2047,992,0,0
0000044P4633,0000016R1243,992,0,0
0000044P4633,0000044P4717,992,0,0
0000044P4640,0000016R1192,992,0,0
0000044P4640,0000044P4719,992,0,0
0000044P4641,0000016R0544,992,0,0
0000044P4642,0000012R8038,992,0,0
0000044P4671,0000012R6226,992,0,0
0000044P4671,0000012R6573,992,0,0
0000044P4672,0000015R6710,992,0,0
0000044P4688,0000016R1685,992,0,0
0000044P4689,0000012R6782,992,0,0
0000044P4690,0000044P0657,992,0,0
0000044P4717,0000016R1243,992,0,0
0000044P4718,0000016R1192,992,0,0
0000044P4718,0000044P4719,992,0,0
0000044P4719,0000016R1192,992,0,0
0000044P4734,0000016R1244,992,0,0
0000044P4735,0000016R1244,992,0,0
0000044P4735,0000044P4734,992,0,0
0000044P4784,0000012R9476,992,0,0
0000044P4820,0000016R1161,992,0,0
0000044P4821,0000016R1161,992,0,0
0000044P4821,0000044P4820,992,0,0
0000044P4834,0000016R0544,992,0,0
0000044P4865,0000016R1162,992,0,0
0000044P4879,0000016R1646,992,0,0
0000051H8700,0000031L7567,992,0,0
0000053P0374,0000097P2161,992,0,0
0000053P0378,0000097P2171,992,0,0
0000053P0382,0000097P2178,992,0,0
0000053P0386,0000097P2199,992,0,0
0000053P0390,0000097P2209,992,0,0
0000053P0394,0000097P2216,992,0,0
0000053P1011,0000053P4160,992,0,0
0000053P1013,0000097P2156,992,0,0
0000053P1018,0000097P2194,992,0,0
0000053P1270,0000053P5456,992,0,0
0000053P1271,0000039J3526,992,0,0
0000053P1834,0000097P3696,992,0,0
0000053P2648,0000097P5546,992,0,0
0000053P3035,0000097P2161,992,0,0
0000053P3043,0000097P2171,992,0,0
0000053P3222,0000012R9283,992,0,0
0000053P3226,0000012R9240,992,0,0
0000053P3228,0000012R8616,992,0,0
0000053P3232,0000012R9259,992,0,0
0000053P4160,0000097P2156,992,0,0
0000053P4165,0000097P2161,992,0,0
0000053P4175,0000053P0378,992,0,0
0000053P4175,0000097P2171,992,0,0
0000053P4182,0000097P2178,992,0,0
0000053P4196,0000097P2194,992,0,0
0000053P4201,0000097P2199,992,0,0
0000053P4211,0000097P2209,992,0,0
0000053P4218,0000097P2216,992,0,0
0000053P4242,0000097P2231,992,0,0
0000053P4247,0000097P2241,992,0,0
0000053P4252,0000097P2246,992,0,0
0000053P4254,0000097P2248,992,0,0
0000053P4259,0000097P2253,992,0,0
0000053P4261,0000097P2255,992,0,0
0000053P4266,0000097P2260,992,0,0
0000053P4273,0000097P2267,992,0,0
0000053P4278,0000097P2277,992,0,0
0000053P4283,0000097P2282,992,0,0
0000053P4285,0000097P2284,992,0,0
0000053P4290,0000097P2289,992,0,0
0000053P4292,0000097P2291,992,0,0
0000053P4297,0000097P2296,992,0,0
0000053P5833,0000000P4295,992,0,0
0000059H2976,0000018P7129,992,0,0
0000060G7549,0000012R6853,992,0,0
0000060G7577,0000041U0453,992,0,0
0000060H0996,0000060H1163,992,0,0
0000060H1150,0000060H1857,992,0,0
0000060H1237,0000060H1268,992,0,0
0000060H1367,0000060H1655,992,0,0
0000060H1377,0000060H2507,992,0,0
0000060H1470,0000060H1485,992,0,0
0000060H1473,0000060H1491,992,0,0
0000060H1486,0000060H1740,992,0,0
0000060H1488,0000060H1752,992,0,0
0000060H1540,0000060H1534,992,0,0
0000060H1544,0000060H1534,992,0,0
0000060H1647,0000060H1367,992,0,0
0000060H1749,0000060H1856,992,0,0
0000060H1783,0000060H2214,992,0,0
0000060H1821,0000060H2543,992,0,0
0000060H1826,0000060H2537,992,0,0
0000060H1866,0000060H2304,992,0,0
0000060H1931,0000060H2214,992,0,0
0000060H1945,0000060H2273,992,0,0
0000060H1960,0000060H2214,992,0,0
0000060H2064,0000060H2509,992,0,0
0000060H2168,0000060H2562,992,0,0
0000060H2174,0000060H2563,992,0,0
0000060H2189,0000060H2537,992,0,0
0000060H2216,0000060H2543,992,0,0
0000060H2219,0000060H2564,992,0,0
0000060H2253,0000060H2562,992,0,0
0000060H2257,0000060H2563,992,0,0
0000060H2284,0000060H2543,992,0,0
0000060H2312,0000060H2564,992,0,0
0000060H2323,0000060H2322,992,0,0
0000060H2326,0000060H2325,992,0,0
0000060H2328,0000060H2327,992,0,0
0000060H2397,0000060H2507,992,0,0
0000060H2421,0000060H2546,992,0,0
0000060H2424,0000060H2546,992,0,0
0000060H2433,0000060H2546,992,0,0
0000060H2473,0000060H2594,992,0,0
0000060H2474,0000060H2600,992,0,0
0000060H2526,0000060H2532,992,0,0
0000060H2529,0000060H2532,992,0,0
0000060H2695,0000060H2562,992,0,0
0000060H2696,0000060H2563,992,0,0
0000060H2697,0000060H2564,992,0,0
0000070P4174,0000070P5381,992,0,0
0000070P4175,0000070P5381,992,0,0
0000070X8330,0000012R8269,992,0,0
0000071P7420,0000071P7520,992,0,0
0000071P7421,0000071P7521,992,0,0
0000071P7422,0000071P7522,992,0,0
0000071P7430,0000071P7530,992,0,0
0000071P7431,0000071P7531,992,0,0
0000071P7432,0000071P7532,992,0,0
0000071P7450,0000071P7540,992,0,0
0000071P7460,0000071P7550,992,0,0
0000071P7461,0000071P7551,992,0,0
0000071P7462,0000071P7552,992,0,0
0000080P3158,0000003N5274,992,0,0
0000080P3388,0000080P4383,992,0,0
0000080P3401,0000003N5284,992,0,0
0000080P3505,0000003N5104,992,0,0
0000080P3909,0000003N5284,992,0,0
0000080P4359,0000080P5011,992,0,0
0000080P4381,0000080P6415,992,0,0
0000080P4429,0000080P6620,992,0,0
0000080P4527,0000003N5853,992,0,0
0000080P4543,0000003N7069,992,0,0
0000080P5354,0000080P6749,992,0,0
0000080P6634,0000010N8263,992,0,0
0000080P6636,0000010N8264,992,0,0
0000097P6244,0000039J2750,992,0,0
0000098P1496,0000041M9528,992,0,0
0000000P4781,0000000P4130,93B,0,0
0000009L3301,0000009L3299,93B,0,0
0000011K0826,0000000P2402,93B,0,0
0000021P3902,0000004N2731,93B,0,0
0000021P4083,0000053P5848,93B,0,0
0000021P5077,0000021H5312,93B,0,0
0000021P6417,0000053P2830,93B,0,0
0000024L1201,0000004N2731,93B,0,0
0000031P9260,0000031P9261,93B,0,0
0000044P3024,0000011P4741,93B,0,0
0000053P4645,0000021P8063,93B,0,0
0000053P5245,0000021P5477,93B,0,0
0000080P2274,0000009P2693,93B,0,0
0000097P2633,0000097P5923,93B,0,0
0000097P3747,0000053P4402,93B,0,0
0000097P4024,0000053P2830,93B,0,0
0000097P4211,0000053P0390,93B,0,0
0000053P0374,0000097P2161,99B,0,0
0000053P0378,0000097P2171,99B,0,0
0000053P0382,0000097P2178,99B,0,0
0000053P0386,0000097P2199,99B,0,0
0000053P0394,0000097P2216,99B,0,0
0000053P1011,0000053P4160,99B,0,0
0000053P1018,0000097P2194,99B,0,0
0000053P4165,0000097P2161,99B,0,0
0000053P4175,0000097P2171,99B,0,0
0000053P4182,0000097P2178,99B,0,0
0000053P4196,0000097P2194,99B,0,0
0000053P4201,0000097P2199,99B,0,0
0000053P4218,0000097P2216,99B,0,0
0000033L3125,0000033L3322,9NR,0,0
0000033L5039,0000038L4031,9NR,0,0
0000038L3241,0000033L3322,9NR,0,0
0000038L3441,0000033L3322,9NR,0,0
0000000P3171,0000000P5788,9RI,0,0
0000000P3204,0000009P5738,9RI,0,0
0000000P3206,0000009P5738,9RI,0,0
0000000P4045,0000009P3084,9RI,0,0
0000000P4045,0000080P5522,9RI,0,0
0000000P4050,0000009P3084,9RI,0,0
0000000P4050,0000080P5522,9RI,0,0
0000000P5506,0000009P3084,9RI,0,0
0000000P5506,0000080P5522,9RI,0,0
0000000P5511,0000009P3084,9RI,0,0
0000000P5511,0000080P5522,9RI,0,0
0000003N5633,0000080P4906,9RI,0,0
0000003N5830,0000080P6789,9RI,0,0
0000003N6603,0000080P4071,9RI,0,0
0000009P6574,0000009P5738,9RI,0,0
0000018P1452,0000018P4987,9RI,0,0
0000018P1455,0000018P4988,9RI,0,0
0000018P2555,0000018P4987,9RI,0,0
0000018P2556,0000018P4988,9RI,0,0
0000018P5860,0000017P6699,9RI,0,0
0000019P3431,0000019P5324,9RI,0,0
0000019P3432,0000019P5326,9RI,0,0
0000019P3613,0000019P5350,9RI,0,0
0000024R0396,0000019P4798,9RI,0,0
0000024R0966,0000019P4960,9RI,0,0
0000035L0523,0000035L0524,9RI,0,0
0000039J0402,0000097P6586,9RI,0,0
0000039J0974,0000097P6219,9RI,0,0
0000039J3303,0000097P6585,9RI,0,0
0000053P0949,0000053P0948,9RI,0,0
0000053P5574,0000097P5630,9RI,0,0
0000080P2350,0000000P5788,9RI,0,0
0000080P2834,0000080P4990,9RI,0,0
0000080P3168,0000009P3084,9RI,0,0
0000080P3168,0000080P5522,9RI,0,0
0000080P3171,0000009P3084,9RI,0,0
0000080P3171,0000080P5522,9RI,0,0
0000080P3179,0000080P4915,9RI,0,0
0000080P3600,0000080P5493,9RI,0,0
0000080P3670,0000080P4915,9RI,0,0
0000080P4102,0000080P5494,9RI,0,0
0000080P4105,0000080P4915,9RI,0,0
0000080P4376,0000009P5738,9RI,0,0
0000080P4450,0000009P3084,9RI,0,0
0000080P4450,0000080P5522,9RI,0,0
0000080P4456,0000009P3084,9RI,0,0
0000080P4456,0000080P5522,9RI,0,0
0000080P4556,0000080P4857,9RI,0,0
0000080P4916,0000080P4915,9RI,0,0
0000080P4933,0000080P6460,9RI,0,0
0000080P4993,0000000P4414,9RI,0,0
0000080P4993,0000024R0622,9RI,0,0
0000080P4993,0000024R5730,9RI,0,0
0000080P4993,0000080P5156,9RI,0,0
0000080P4993,0000080P5169,9RI,0,0
0000080P4993,0000080P5174,9RI,0,0
0000080P4993,0000080P5252,9RI,0,0
0000080P4993,0000080P6457,9RI,0,0
0000080P4995,0000080P5164,9RI,0,0
0000080P5115,0000080P4069,9RI,0,0
0000080P5478,0000080P5493,9RI,0,0
0000080P5484,0000080P5493,9RI,0,0
0000080P6006,0000080P4906,9RI,0,0
0000080P6219,0000080P4915,9RI,0,0
0000080P6436,0000009P5738,9RI,0,0
0000080P6439,0000009P3084,9RI,0,0
0000080P6439,0000080P5522,9RI,0,0
0000080P6442,0000009P3084,9RI,0,0
0000080P6442,0000080P5522,9RI,0,0
0000080P6746,0000009P5738,9RI,0,0
0000080P6747,0000009P3084,9RI,0,0
0000080P6747,0000080P5522,9RI,0,0
0000080P6748,0000009P3084,9RI,0,0
0000080P6748,0000080P5522,9RI,0,0
0000097P3753,0000097P6219,9RI,0,0
0000097P4766,0000097P6585,9RI,0,0
0000097P5666,0000097P6219,9RI,0,0
0000097P5935,0000097P6585,9RI,0,0
0000097P5944,0000097P6585,9RI,0,0
0000097P6318,0000097P6585,9RI,0,0
0000097P6336,0000097P6585,9RI,0,0
0000097P6427,0000097P6219,9RI,0,0
0000097P6635,0000097P6585,9RI,0,0
0000097P6636,0000097P6586,9RI,0,0
0000097P6644,0000097P6585,9RI,0,0
0000097P6645,0000097P6586,9RI,0,0
0000017P6699,0000018P5860,9ss,0,0
0000018P4987,0000018P1452,9ss,0,0
0000018P4987,0000018P2555,9ss,0,0
0000018P4988,0000018P1455,9ss,0,0
0000018P4988,0000018P2556,9ss,0,0
0000019P5324,0000019P3431,9ss,0,0
0000019P5326,0000019P3432,9ss,0,0
0000035L0524,0000035L0523,9ss,0,0
0000017P6699,0000018P5860,9xx,0,0
0000018P4987,0000018P1452,9xx,0,0
0000018P4987,0000018P2555,9xx,0,0
0000018P4988,0000018P1455,9xx,0,0
0000018P4988,0000018P2556,9xx,0,0
0000019P5324,0000019P3431,9xx,0,0
0000019P5326,0000019P3432,9xx,0,0
0000035L0524,0000035L0523,9xx,0,0
*
* end