mtm,plantLoc,period,supply,wfmv
1519100,GLN,4,2.00,0.000
1519100,GLE,18,2.00,0.000
1519100,GLN,20,2.00,0.000
1519100,GLN,24,1.00,0.000
1519100,GLE,27,3.00,91.506
2003102,GLE,18,1.00,0.000
2003104,GMP,1,3.00,1163.666
2003104,GLE,23,1.00,3823.070
2003105,GMP,1,1.00,1194.930
2003105,GLE,10,1.00,0.000
2003105,GLE,12,1.00,4872.820
2003105,GLE,23,2.00,2032.585
2003106,GMP,1,1.00,1746.880
2003107,GMP,1,1.00,1629.310
2003115,GMM,1,1.00,1.000
2003115,GMP,1,3.00,1607.586
2003115,GLN,9,1.00,0.000
2003115,GLE,10,2.00,0.000
2003115,GLE,19,1.00,12995.370
2003115,GLE,21,1.00,0.000
2003115,GLE,23,1.00,18.000
2003116,GMP,1,3.00,1869.610
2003116,GLN,18,1.00,1145.020
2003116,GLN,23,1.00,5531.530
2003124,GMM,1,1.00,0.000
2003124,GMP,1,2.00,2225.700
2003125,GMP,1,3.00,2435.290
2003126,GMM,1,1.00,0.990
2003126,GMP,1,1.00,7530.060
2003126,GLN,18,1.00,0.000
2003135,GMP,1,1.00,3197.400
2003135,GLN,5,1.00,0.000
2003156,GLN,21,1.00,5218.660
2003203,GMM,1,1.00,0.990
2003203,GMP,1,3.00,751.160
2003203,GLN,18,1.00,0.000
2003203,GLN,22,1.00,15664.450
2003203,GLE,23,5.00,260.944
2003203,GLE,27,1.00,9.000
2003204,GMM,1,1.00,33.510
2003204,GMP,1,3.00,1063.183
2003204,GLE,5,2.00,763.255
2003204,GLE,23,1.00,54.360
2003205,GMP,1,3.00,911.703
2003205,GMM,1,2.00,527.000
2003205,GLE,6,1.00,69.720
2003205,GLN,9,1.00,0.000
2003205,GLE,10,1.00,0.000
2003205,GLE,11,1.00,0.000
2003205,GLE,14,1.00,1095.430
2003205,GLN,21,1.00,453.440
2003205,GLE,26,1.00,9.000
2003205,GLE,32,1.00,0.000
2003206,GMP,1,3.00,723.320
2003206,GLE,10,2.00,4869.910
2003206,GLN,10,1.00,21506.980
2003206,GLN,12,1.00,46.660
2003206,GLE,14,1.00,1946.320
2003206,GLN,20,1.00,0.000
2003206,GLE,23,1.00,72.040
2003206,GLN,24,1.00,0.000
2003206,GLE,27,1.00,0.000
2003207,GMP,1,15.00,810.915
2003207,GLN,10,1.00,654.400
2003207,GLE,27,1.00,0.000
2003207,GLN,29,1.00,0.000
2003207,GLE,31,1.00,0.000
2003215,GMM,1,4.00,273.002
2003215,GMP,1,9.00,1172.680
2003215,GLN,10,1.00,1271.390
2003215,GLE,19,1.00,1443.930
2003215,GLE,31,1.00,0.000
2003216,GMM,1,1.00,200.280
2003216,GMP,1,7.00,1233.298
2003224,GMP,1,8.00,918.567
2003224,GLN,5,1.00,0.000
2003224,GLE,18,1.00,0.000
2003224,GLE,19,1.00,9098.630
2003224,GLN,23,1.00,46.660
2003225,GMM,1,1.00,1.000
2003225,GMP,1,3.00,1184.906
2003227,GMP,1,6.00,1991.521
2003237,GMP,1,3.00,2074.816
2003246,GMP,1,1.00,2368.080
2003246,GLN,6,1.00,46.660
2003257,GMP,1,2.00,2402.970
20032C5,GMP,1,3.00,2158.376
20032C5,GLN,14,1.00,654.400
2029001,GLE,23,3.00,0.000
2029RS1,GLE,23,3.00,0.000
2064100,GMP,1,2.00,198939.160
2064100,GLE,23,3.00,64456.920
2064101,GLN,24,1.00,142693.010
2064102,GMP,1,1.00,114505.820
2064102,GLN,11,1.00,166849.150
2064102,GLN,14,2.00,220757.355
2064102,GLN,22,1.00,182613.300
2064102,GLN,23,1.00,180454.110
2064102,GLE,25,1.00,133547.480
2064103,GLN,18,1.00,257179.440
2064103,GLN,27,1.00,253245.120
2064104,GLE,23,2.00,67891.040
2064104,GLE,25,3.00,262002.150
2064105,GLN,23,1.00,329764.140
2064106,GLE,23,2.00,162643.640
2064107,GMP,1,1.00,131404.810
2064107,GLE,31,1.00,275177.490
2064110,GLE,14,1.00,73937.220
2064110,GLE,23,1.00,0.000
2064110,GLE,25,1.00,319080.290
2064111,GLN,18,1.00,1014213.130
2064111,GLE,23,1.00,0.000
2064114,GLN,27,1.00,558830.430
2064115,GLE,23,1.00,487724.030
2064116,GLE,10,1.00,593956.470
2064116,GLE,24,1.00,422131.550
2064116,GLE,25,2.00,464515.365
20641C1,GLE,10,1.00,0.000
20641C2,GLE,23,1.00,93453.540
20641C2,GLE,26,1.00,182512.660
20641C3,GLE,23,1.00,173010.500
20641C4,GLE,23,2.00,94469.475
20641C5,GLE,10,1.00,196129.890
20641C5,GLE,23,3.00,77527.933
20641C5,GLN,26,1.00,501905.570
20641C6,GLE,23,3.00,107042.993
20641C6,GLE,27,2.00,16718.960
20641C7,GLE,23,3.00,119581.516
20641C7,GLE,27,1.00,12930.000
20641C7,GLN,31,1.00,565952.200
20641C8,GLN,14,1.00,687986.120
20641C8,GLE,23,3.00,292946.976
20641C9,GLE,25,1.00,368573.130
20641C9,GLE,26,1.00,381455.770
20641C9,GLN,27,1.00,516192.240
2064212,GMP,1,1.00,0.010
2064216,GLN,14,1.00,611377.380
2064216,GLN,17,1.00,1411678.040
2064216,GLN,23,1.00,600653.040
20642C1,GLE,23,1.00,0.000
20642C4,GLE,23,1.00,0.000
20642C6,GLE,23,1.00,0.000
2064R06,GLE,17,1.00,43651.510
2064R06,GLE,18,1.00,10342.510
2064R06,GLE,23,1.00,10721.880
2064R14,GLE,27,2.00,0.000
2064R16,GLE,10,1.00,64527.000
2064R16,GLE,23,1.00,10941.800
2066001,GMP,1,1.00,95925.690
2066001,GLE,23,2.00,21327.155
2066002,GLE,23,2.00,0.000
2066002,GLE,27,2.00,0.000
20660A1,GLE,5,1.00,3984.570
20660E1,GMP,1,1.00,25000.000
20660LF,GMM,1,1.00,31132.000
2074001,GLN,6,1.00,2789.440
2074001,GLE,10,1.00,4952.860
2074001,GLE,14,4.00,3710.840
2074001,GLN,14,1.00,5952.890
2074001,GLN,15,1.00,3855.990
2074001,GLN,18,2.00,4542.215
2074001,GLN,21,1.00,3687.020
2074001,GLN,23,3.00,4426.056
2074001,GLE,23,6.00,626.898
2074001,GLE,25,1.00,5357.180
2074001,GLE,27,3.00,1817.073
2074001,GLN,31,1.00,3204.490
2074002,GMP,1,1.00,9100.000
2074002,GLN,5,1.00,7144.770
2074002,GLN,15,1.00,3855.870
2074002,GLE,23,4.00,479.260
2074002,GLE,27,2.00,0.000
3000UPS,GLE,27,1.00,0.000
3006B01,GLE,5,1.00,0.800
3006B01,GLE,10,1.00,0.000
3006B01,GLE,19,1.00,0.000
3006B01,GLE,23,2.00,15.740
3006P01,GMP,1,5.00,721.560
3006P01,GLN,12,1.00,0.000
3006P01,GLN,15,1.00,0.000
3006P01,GLN,16,1.00,0.000
3006P01,GLE,27,1.00,0.000
3006P01,GLN,27,1.00,0.000
3006P01,GLN,28,1.00,1886.450
3092002,GLE,29,1.00,0.000
3097002,GLE,29,1.00,0.000
4754001,GLE,31,2.00,0.000
4755014,GLE,31,1.00,0.000
5081016,GLE,23,1.00,0.000
5081019,GLE,19,1.00,284.910
5083021,GLE,9,15.00,0.000
5083021,GLE,20,9.00,0.000
5083021,GLE,32,9.00,0.000
508311A,GLE,19,1.00,43.360
5084003,GLE,20,1.00,0.000
508502A,GLE,19,1.00,1449.350
5086001,GLE,5,1.00,0.000
5086001,GLE,7,2.00,0.000
5086001,GLE,9,19.00,0.000
5086001,GLE,10,4.00,0.000
5086001,GLE,13,1.00,0.000
5086001,GLE,14,3.00,0.000
5086001,GLE,15,1.00,0.000
5086001,GLE,18,1.00,0.000
5086001,GLE,20,10.00,0.000
5086001,GLE,22,2.00,345.270
5086001,GLE,32,9.00,0.000
508601I,GLE,4,1.00,0.000
508601I,GLE,5,2.00,0.000
508601I,GLE,6,2.00,0.000
508601I,GLE,7,2.00,0.000
508601I,GLE,8,2.00,0.000
508601I,GLE,9,2.00,0.000
508601I,GLE,11,7.00,0.000
508601I,GLE,12,1.00,0.000
508601I,GLE,13,1.00,0.000
508601I,GLE,17,1.00,0.000
508601I,GLE,18,4.00,0.000
508601I,GLE,25,1.00,0.000
508601I,GLE,27,1.00,0.000
5208001,GLE,23,1.00,0.000
5363010,GLE,6,1.00,0.000
5363010,GLE,7,1.00,266.280
5363020,GLE,10,2.00,0.000
5363020,GLE,11,1.00,0.000
5363020,GLE,12,1.00,0.000
5363020,GLE,21,1.00,0.000
5363020,GLE,22,1.00,214.570
5363020,GLE,23,1.00,0.000
5363020,GLE,29,1.00,907.530
5363022,GLE,6,1.00,0.000
5363A10,GLE,25,1.00,0.000
5363A20,GLE,5,1.00,0.000
5363A20,GLE,8,1.00,0.000
5363A20,GLE,10,1.00,0.000
5363A20,GLE,14,1.00,0.000
5363A20,GLE,17,1.00,0.000
5363A20,GLE,18,1.00,0.000
5363A20,GLE,19,1.00,0.000
5363A20,GLE,30,2.00,0.000
5363A22,GLE,22,1.00,0.000
5372IS5,GLE,23,1.00,115.020
5372IS5,GLE,31,1.00,0.000
6091014,GLE,14,1.00,0.000
6091014,GLE,18,1.00,0.000
6091014,GLE,22,1.00,0.000
6091014,GLE,30,1.00,0.000
6091019,GLE,5,1.00,0.000
6091019,GLE,7,2.00,0.000
6091019,GLE,9,19.00,0.000
6091019,GLE,10,5.00,0.000
6091019,GLE,13,1.00,0.000
6091019,GLE,14,3.00,0.000
6091019,GLE,15,1.00,0.000
6091019,GLE,18,1.00,0.000
6091019,GLE,19,1.00,0.000
6091019,GLE,20,9.00,0.000
6091019,GLE,32,9.00,0.000
6091023,GMR,1,1.00,0.010
609119I,GLE,4,1.00,0.000
609119I,GLE,5,2.00,0.000
609119I,GLE,6,2.00,0.000
609119I,GLE,7,2.00,0.000
609119I,GLE,8,2.00,0.000
609119I,GLE,9,2.00,0.000
609119I,GLE,11,8.00,0.000
609119I,GLE,13,1.00,0.000
609119I,GLE,17,2.00,0.000
609119I,GLE,18,4.00,0.000
609119I,GLE,25,1.00,0.000
609119I,GLE,27,1.00,0.000
6093011,GLE,4,1.00,0.000
6093011,GLE,5,3.00,0.000
6093011,GLE,6,2.00,0.000
6093011,GLE,7,4.00,0.000
6093011,GLE,8,2.00,0.000
6093011,GLE,9,6.00,0.000
6093011,GLE,10,5.00,0.000
6093011,GLE,11,9.00,0.000
6093011,GLE,12,3.00,0.000
6093011,GLE,13,3.00,0.000
6093011,GLE,14,3.00,0.000
6093011,GLE,15,1.00,0.000
6093011,GLE,16,20.00,0.000
6093011,GLE,17,45.00,0.000
6093011,GLE,18,10.00,0.000
6093011,GLE,20,2.00,0.000
6093011,GLE,22,2.00,0.000
6093011,GLE,23,4.00,0.532
6093011,GLE,25,1.00,0.000
6093011,GLE,26,6.00,0.000
6093011,GLE,27,4.00,0.000
6093011,GLE,30,3.00,0.000
6093012,GLE,17,4.00,0.000
6093012,GLE,19,1.00,0.000
6093012,GLE,21,1.00,0.000
6093012,GLE,22,11.00,0.000
6093012,GLE,23,3.00,0.000
6093012,GLE,25,5.00,0.000
6094010,GLE,10,1.00,0.000
6094010,GLE,12,1.00,0.000
6094010,GLE,13,1.00,0.000
6094010,GLE,14,6.00,0.000
6094010,GLE,23,30.00,0.000
6094010,GLE,25,5.00,0.000
6094010,GLE,26,13.00,0.000
6094010,GLE,27,31.00,0.000
6094010,GLE,30,3.00,0.000
6094010,GLE,31,2.00,0.000
6094020,GLE,13,1.00,0.000
6094020,GLE,23,3.00,0.710
6094020,GLE,26,14.00,0.000
6094020,GLE,30,3.00,0.000
6094030,GLE,10,1.00,0.000
6094030,GLE,17,3.00,0.000
6094040,GLE,28,1.00,0.000
6094051,GLN,18,81.00,0.000
6094051,GLE,19,1.00,0.000
6094051,GLN,23,12.00,0.000
6094051,GLN,24,1.00,0.000
6094051,GLN,27,36.00,0.000
6094600,GLE,17,12.00,0.000
6094600,GLE,22,6.00,0.000
6094600,GLE,27,1.00,0.000
6094600,GLE,29,1.00,0.000
6098001,GLN,27,4.00,10.600
6157001,GLE,19,1.00,0.000
6180001,GLE,23,1.00,0.000
6450128,GLE,13,1.00,0.000
700641T,GLE,10,1.00,0.000
700641T,GLE,14,2.00,0.000
700641T,GLE,18,3.00,103.120
700641T,GLE,19,1.00,290.100
700641T,GLE,20,1.00,689.680
700641T,GLE,21,8.00,13.252
700641T,GLE,22,3.00,0.000
700641T,GLE,26,2.00,0.000
700641W,GLE,5,3.00,257.006
700641W,GLE,8,2.00,200.870
700641W,GLE,9,1.00,200.870
700641W,GLE,11,3.00,186.720
700641W,GLE,12,2.00,93.325
700641W,GLE,15,1.00,0.000
700641W,GLE,17,2.00,54.485
700641W,GLE,18,3.00,126.683
700641W,GLE,20,10.00,103.680
700641W,GLE,21,4.00,77.820
700641W,GLE,23,7.00,38.834
700641W,GLE,32,1.00,0.000
700642T,GLE,7,25.00,0.000
700642T,GLE,12,1.00,0.000
700642T,GLE,17,3.00,186.766
700642T,GLE,18,6.00,148.398
700642T,GLE,20,9.00,657.255
700642T,GLE,22,10.00,667.090
700642T,GLE,29,1.00,106.530
700642W,GLE,23,5.00,271.840
7008M20,GLE,10,1.00,0.000
7009C10,GLE,5,2.00,139.390
7009C10,GLE,7,1.00,0.000
7009C10,GLE,8,1.00,297.840
7009C10,GLE,9,3.00,247.553
7009C10,GLE,10,2.00,138.700
7009C10,GLE,11,3.00,67.796
7009C10,GLE,13,4.00,264.755
7009C10,GLE,14,1.00,0.000
7009C10,GLE,15,7.00,142.112
7009C10,GLE,16,1.00,0.000
7009C10,GLE,17,1.00,162.630
7009C10,GLE,18,10.00,182.842
7009C10,GLE,20,2.00,74.155
7009C10,GLE,22,4.00,136.277
7009C10,GLE,23,1.00,0.000
7009C10,GLE,25,2.00,0.000
7009C10,GLE,26,1.00,0.000
7009C10,GLE,27,2.00,73.550
7009C10,GLE,30,2.00,694.410
7009C10,GLE,31,3.00,282.446
7009C10,GLE,32,1.00,1473.990
7009C20,GLE,7,1.00,0.000
7009C20,GLE,10,1.00,704.090
7009C20,GLE,12,2.00,290.285
7009C20,GLE,18,10.00,209.725
7009C20,GLE,20,1.00,343.050
7009C20,GLE,21,2.00,562.500
7009C20,GLN,23,1.00,0.000
7009C20,GLE,27,1.00,0.000
7009C20,GLE,31,1.00,0.000
7009C20,GLN,32,1.00,0.000
7010001,GLE,31,2.00,1074.805
7010120,GLE,23,1.00,0.000
7010140,GLE,17,2.00,0.000
7011220,GLE,7,4.00,0.000
7011220,GLE,12,2.00,0.000
7011220,GLE,15,1.00,0.000
7011220,GLE,23,1.00,0.000
7011220,GLE,26,1.00,0.000
701122W,GLE,10,1.00,0.000
701122W,GLE,18,1.00,0.000
701122W,GLE,23,1.00,0.000
701122W,GLE,32,2.00,0.000
7011230,GLE,23,1.00,0.000
7011250,GLE,5,1.00,0.000
7011250,GLE,6,1.00,0.000
7011250,GLE,10,1.00,0.000
7011250,GLE,21,1.00,0.000
7011250,GLE,22,5.00,0.000
7011250,GLE,23,4.00,8.942
7011250,GLE,26,1.00,0.000
7011250,GLE,30,1.00,0.000
7011250,GLE,31,1.00,0.000
701125S,GLE,5,1.00,0.000
701125S,GLE,11,1.00,0.000
701125S,GLE,27,2.00,0.000
701125T,GLE,6,8.00,0.000
701125T,GLE,10,8.00,0.000
701125T,GLE,15,2.00,0.000
701125T,GLE,16,1.00,0.000
701125T,GLE,17,4.00,0.000
701125T,GLE,18,1.00,0.000
701125T,GLE,20,1.00,0.000
701125T,GLE,21,1.00,0.000
701125T,GLE,22,15.00,67.732
701125T,GLE,23,6.00,0.000
701125T,GLE,27,2.00,0.000
701125T,GLE,28,1.00,0.000
701125W,GLE,18,19.00,0.000
701125W,GLE,23,26.00,2.878
701125W,GLE,27,1.00,0.000
7012320,GLE,14,1.00,0.000
7012320,GLE,19,1.00,0.000
7012320,GLE,23,1.00,0.000
7012320,GLE,27,1.00,0.000
7012320,GLE,31,1.00,0.000
7012320,GLE,32,1.00,0.000
701232H,GLE,10,1.00,0.000
701232H,GLE,14,2.00,0.000
701232H,GLE,19,1.00,0.000
701232H,GLE,23,2.00,0.000
701232H,GLE,27,1.00,0.000
7012340,GLE,5,1.00,0.000
7012340,GLE,14,1.00,0.000
7012340,GLE,17,1.00,0.000
7012340,GLE,19,1.00,0.000
7012340,GLE,22,1.00,0.000
7012340,GLE,23,4.00,0.000
7012340,GLE,26,1.00,0.000
701234H,GLE,14,1.00,0.000
701234H,GLE,22,2.00,0.000
701234H,GLN,25,1.00,0.000
7012350,GLE,21,1.00,0.000
7012355,GLE,4,1.00,0.000
7012355,GLE,14,1.00,0.000
7012355,GLE,23,10.00,4.339
7012360,GLE,4,1.00,0.000
7012360,GLE,22,1.00,0.000
7012360,GLE,24,1.00,0.000
7012360,GLE,26,1.00,0.000
7012365,GLE,13,1.00,0.000
7012365,GLE,22,1.00,0.000
7012365,GLE,23,2.00,0.000
7012370,GMR,1,1.00,0.000
7012370,GLE,27,1.00,0.000
7012390,GLN,4,1.00,0.800
7012390,GLN,5,1.00,0.000
7012390,GLE,18,5.00,204.778
7012390,GLE,22,1.00,260.460
7012390,GLE,23,1.00,0.000
7012397,GLE,4,1.00,1190.920
7012397,GLE,30,1.00,0.000
7012G02,GLE,18,1.00,0.000
7012G30,GLE,10,2.00,928.935
7012G30,GLE,14,1.00,854.910
7012G30,GLE,23,1.00,0.000
7012G40,GLE,7,1.00,0.000
7012G40,GLE,9,1.00,0.000
7012G40,GLN,9,2.00,0.650
7012G40,GLE,18,1.00,0.000
7012G40,GLE,27,2.00,0.000
7013520,GLE,9,1.00,0.000
7013520,GLE,13,2.00,0.000
7013520,GLE,15,1.00,0.000
7013520,GLE,23,2.00,0.000
701352H,GLE,18,1.00,0.000
7013530,GLE,5,2.00,0.000
7013530,GLE,9,1.00,0.000
7013530,GLE,11,1.00,0.000
7013530,GLE,12,1.00,0.000
7013530,GLE,16,1.00,0.000
7013530,GLE,27,1.00,0.000
7013530,GLE,30,1.00,0.000
701353H,GLE,23,2.00,0.000
7013550,GLE,5,1.00,0.000
7013550,GLE,6,1.00,0.000
7013550,GLE,12,1.00,0.000
7013550,GLE,14,1.00,0.000
7013550,GLE,21,3.00,0.000
701355L,GLE,9,2.00,0.000
7013560,GMR,1,1.00,0.000
7013560,GLE,18,1.00,0.000
7013560,GLE,23,1.00,0.000
7013570,GMR,1,1.00,0.000
7013570,GLE,7,1.00,0.000
7013570,GLE,12,1.00,0.000
7013570,GLE,20,1.00,0.000
7013570,GLE,23,2.00,0.000
7013580,GLE,20,2.00,0.000
7013580,GLE,23,1.00,25.630
701358F,GLE,23,2.00,0.000
701358H,GLE,11,1.00,0.000
701358H,GLE,18,2.00,0.000
701358H,GLE,27,1.00,0.000
7013590,GLE,17,1.00,3598.470
7013590,GLE,18,3.00,0.000
7013590,GLE,23,3.00,18.590
7013591,GLN,18,1.00,0.000
7013595,GLN,23,1.00,0.650
7013595,GLN,26,1.00,0.000
7013595,GLN,29,1.00,0.000
701359H,GMR,1,1.00,0.650
701359H,GLN,8,1.00,0.650
701359H,GLE,10,1.00,0.000
701359H,GLE,32,1.00,1377.880
7013C20,GLE,10,1.00,0.000
7013F50,GLE,10,1.00,0.000
7013J01,GMR,1,1.00,0.000
7013J01,GLE,11,1.00,0.000
7013J01,GLN,16,1.00,0.000
7013J01,GLE,25,2.00,0.000
7013J30,GLE,5,1.00,0.000
7013J30,GLE,9,1.00,1357.050
7013J30,GLE,10,2.00,1357.050
7013J30,GLE,14,1.00,0.000
7013J30,GLE,15,1.00,6712.490
7013J30,GLE,23,2.00,1923.145
7013J30,GLE,29,1.00,0.000
7013J40,GLE,6,1.00,0.000
7013J40,GLE,15,1.00,0.000
7013J40,GLE,16,1.00,0.000
7013J40,GLN,16,1.00,0.000
7013J40,GLE,21,1.00,0.000
7013J40,GLE,27,1.00,0.000
7013J50,GLN,4,2.00,0.520
7013J50,GLE,8,1.00,4761.470
7013J50,GLE,10,1.00,0.000
7013J50,GLE,11,20.00,2478.829
7013J50,GLN,11,1.00,0.650
7013J50,GLE,12,1.00,5583.910
7013J50,GLN,12,2.00,0.000
7013J50,GLE,13,1.00,2711.060
7013J50,GLE,14,4.00,1395.662
7013J50,GLE,15,3.00,7649.553
7013J50,GLE,19,1.00,0.000
7013J50,GLE,21,3.00,2823.620
7013J50,GLE,23,10.00,238.274
7013J50,GLN,23,1.00,0.000
7013S7A,GLN,27,3.00,1018.800
7014S00,GMM,1,13.00,88.913
7014S00,GMR,1,1.00,0.010
7014S00,GLE,4,2.00,0.000
7014S00,GLN,4,2.00,0.000
7014S00,GLN,5,3.00,0.000
7014S00,GLE,5,5.00,0.000
7014S00,GLE,6,5.00,0.278
7014S00,GLN,6,1.00,0.000
7014S00,GLE,7,5.00,0.000
7014S00,GLE,8,4.00,0.000
7014S00,GLE,9,1.00,0.000
7014S00,GLN,9,3.00,6.596
7014S00,GLE,10,20.00,8.476
7014S00,GLN,10,6.00,4.936
7014S00,GLE,11,1.00,0.000
7014S00,GLN,11,1.00,0.000
7014S00,GLN,12,7.00,5.562
7014S00,GLE,13,2.00,0.000
7014S00,GLE,14,7.00,22.937
7014S00,GLN,14,3.00,30.153
7014S00,GLE,16,4.00,0.000
7014S00,GLN,16,5.00,0.000
7014S00,GLN,17,1.00,0.000
7014S00,GLE,18,6.00,0.000
7014S00,GLN,18,7.00,0.000
7014S00,GLE,19,2.00,0.560
7014S00,GLN,19,1.00,0.000
7014S00,GLN,21,2.00,0.000
7014S00,GLE,22,8.00,0.000
7014S00,GLE,23,21.00,8.685
7014S00,GLN,23,16.00,16.746
7014S00,GLE,24,1.00,0.000
7014S00,GLE,26,3.00,0.000
7014S00,GLN,26,3.00,30.153
7014S00,GLE,27,17.00,0.825
7014S00,GLN,27,3.00,6.596
7014S00,GLE,28,1.00,0.000
7014S00,GLN,28,2.00,0.000
7014S00,GLN,29,1.00,0.000
7014S00,GLE,30,4.00,0.000
7014S00,GLE,31,5.00,7.716
7014S00,GLN,31,7.00,0.000
7014S00,GLE,32,2.00,0.000
7014S00,GLN,32,3.00,0.000
7014T00,GMR,1,12.00,219.794
7014T00,GLN,4,3.00,0.000
7014T00,GLE,5,5.00,35.102
7014T00,GLN,5,5.00,0.000
7014T00,GLE,6,2.00,0.000
7014T00,GLN,6,1.00,0.000
7014T00,GLE,7,2.00,0.000
7014T00,GLN,7,1.00,0.000
7014T00,GLE,8,1.00,0.000
7014T00,GLN,8,6.00,0.000
7014T00,GLN,9,4.00,0.000
7014T00,GLE,10,15.00,0.000
7014T00,GLN,10,13.00,0.000
7014T00,GLE,11,1.00,0.000
7014T00,GLN,11,2.00,0.000
7014T00,GLN,12,1.00,0.000
7014T00,GLN,13,3.00,0.000
7014T00,GLE,13,2.00,0.000
7014T00,GLN,14,14.00,0.000
7014T00,GLE,14,7.00,124.865
7014T00,GLN,15,1.00,0.000
7014T00,GLE,16,1.00,0.000
7014T00,GLN,17,1.00,0.000
7014T00,GLN,18,7.00,0.000
7014T00,GLE,18,5.00,27.694
7014T00,GLE,19,4.00,0.032
7014T00,GLN,20,4.00,0.000
7014T00,GLE,20,2.00,0.000
7014T00,GLN,21,5.00,0.000
7014T00,GLN,22,2.00,0.000
7014T00,GLE,22,5.00,0.000
7014T00,GLN,23,28.00,53.165
7014T00,GLE,23,18.00,61.475
7014T00,GLN,24,5.00,185.426
7014T00,GLE,24,1.00,0.000
7014T00,GLN,25,3.00,56.163
7014T00,GLE,25,3.00,0.000
7014T00,GLN,26,1.00,0.000
7014T00,GLE,26,1.00,0.000
7014T00,GLN,27,23.00,5.484
7014T00,GLE,27,12.00,54.667
7014T00,GLE,28,1.00,0.000
7014T00,GLN,29,3.00,0.000
7014T00,GLE,29,1.00,0.000
7014T00,GLN,30,1.00,0.000
7014T00,GLN,31,5.00,0.000
7014T00,GLE,31,8.00,0.000
7014T00,GLN,32,1.00,0.000
7014T00,GLE,32,3.00,69.573
7014T42,GMM,1,1.00,114.400
7014T42,GMR,1,21.00,0.163
7014T42,GLE,5,1.00,0.000
7014T42,GLN,5,3.00,526.500
7014T42,GLN,9,2.00,0.000
7014T42,GLE,10,2.00,0.000
7014T42,GLN,10,6.00,223.950
7014T42,GLN,11,1.00,431.220
7014T42,GLN,12,1.00,0.000
7014T42,GLE,13,1.00,0.000
7014T42,GLN,14,25.00,0.000
7014T42,GLN,16,3.00,0.000
7014T42,GLN,17,1.00,0.000
7014T42,GLE,18,1.00,0.000
7014T42,GLN,18,4.00,0.000
7014T42,GLN,19,1.00,0.000
7014T42,GLE,20,2.00,0.000
7014T42,GLN,20,3.00,0.000
7014T42,GLE,21,1.00,0.000
7014T42,GLN,21,4.00,0.000
7014T42,GLE,22,1.00,0.000
7014T42,GLE,23,12.00,0.000
7014T42,GLN,23,20.00,18.225
7014T42,GLE,24,1.00,0.000
7014T42,GLN,24,2.00,0.000
7014T42,GLE,25,1.00,0.000
7014T42,GLN,25,4.00,0.000
7014T42,GLE,26,1.00,0.000
7014T42,GLN,26,1.00,0.000
7014T42,GLE,27,14.00,41.254
7014T42,GLN,27,12.00,13.005
7014T42,GLE,29,2.00,0.000
7014T42,GLN,31,6.00,0.000
7014T42,GLE,32,1.00,42.760
7014T42,GLN,32,1.00,428.620
7015980,GLE,23,1.00,0.000
7015990,GLE,23,1.00,30.210
7015R00,GLE,4,1.00,0.000
7015R00,GLN,5,2.00,12.370
7015R00,GLE,5,2.00,0.000
7015R00,GLN,7,1.00,0.000
7015R00,GLE,7,1.00,0.000
7015R00,GLE,8,2.00,0.000
7015R00,GLE,10,8.00,0.000
7015R00,GLE,11,1.00,0.000
7015R00,GLE,12,3.00,0.000
7015R00,GLN,14,2.00,0.000
7015R00,GLE,14,2.00,0.000
7015R00,GLN,16,1.00,0.000
7015R00,GLN,17,1.00,0.000
7015R00,GLN,18,2.00,0.000
7015R00,GLE,18,3.00,0.000
7015R00,GLE,19,1.00,0.000
7015R00,GLN,20,1.00,0.000
7015R00,GLE,20,1.00,0.000
7015R00,GLE,21,1.00,0.000
7015R00,GLE,23,9.00,14.262
7015R00,GLE,25,1.00,0.000
7015R00,GLE,26,5.00,0.000
7015R00,GLN,26,2.00,0.000
7015R00,GLE,27,6.00,0.173
7015R00,GLN,27,9.00,0.000
7015R00,GLN,30,1.00,0.000
7015R00,GLN,31,3.00,8.246
7015R00,GLN,32,1.00,0.000
7015R10,GLN,23,1.00,0.000
7015R20,GLE,12,1.00,0.000
7015R20,GLE,14,2.00,3784.065
7015R20,GLE,26,1.00,0.000
7015R24,GLE,10,1.00,0.000
7015R30,GLE,6,1.00,0.000
7015R40,GLE,9,1.00,0.000
7015R40,GLE,12,1.00,2760.770
7015R40,GLE,18,1.00,1275.190
7015R40,GLE,23,1.00,0.000
7015R50,GLN,5,1.00,0.000
7015R50,GLE,12,1.00,3981.640
7015R50,GLE,13,2.00,4691.990
7015R50,GLE,14,1.00,3315.550
7015R50,GLE,21,1.00,3356.380
7015R50,GLE,23,1.00,0.000
7015R50,GLN,23,2.00,0.000
7015R50,GLE,25,1.00,2932.620
7015R50,GLN,28,1.00,0.000
7015R50,GLN,30,1.00,0.000
7017S70,GMR,1,2.00,0.000
7017S70,GLN,9,1.00,0.000
7017S70,GLN,17,1.00,0.000
7017S70,GLE,18,1.00,0.000
7017S70,GLN,18,1.00,0.000
7017S70,GLE,22,1.00,0.000
7017S70,GLE,23,1.00,0.000
7017S70,GLE,31,1.00,0.000
7017S70,GLN,31,1.00,24.740
7017S7A,GMM,1,3.00,6795.393
7017S7A,GMR,1,12.00,490.026
7017S7A,GLE,4,1.00,9518.500
7017S7A,GLN,6,1.00,600.300
7017S7A,GLN,12,5.00,35.530
7017S7A,GLN,16,1.00,211.440
7017S7A,GLE,18,6.00,172.295
7017S7A,GLE,23,2.00,6691.410
7017S7A,GLN,23,1.00,26492.450
7017S7A,GLE,27,2.00,0.000
7017S7A,GLN,30,1.00,0.000
7017S80,GMM,1,3.00,8865.250
7017S80,GMR,1,39.00,5678.016
7017S80,GLN,4,1.00,4619.700
7017S80,GLE,5,11.00,27104.026
7017S80,GLN,5,4.00,31460.505
7017S80,GLE,6,1.00,11466.190
7017S80,GLE,7,2.00,30748.900
7017S80,GLE,8,2.00,29829.540
7017S80,GLN,9,6.00,47349.800
7017S80,GLE,10,13.00,27165.454
7017S80,GLN,10,6.00,33513.028
7017S80,GLE,13,1.00,24270.210
7017S80,GLE,14,7.00,32942.698
7017S80,GLN,14,3.00,31658.413
7017S80,GLE,18,2.00,26813.640
7017S80,GLN,18,1.00,48252.890
7017S80,GLN,19,1.00,103.050
7017S80,GLN,22,1.00,50417.390
7017S80,GLE,23,16.00,19372.422
7017S80,GLN,23,19.00,18442.907
7017S80,GLE,24,4.00,40387.190
7017S80,GLN,24,2.00,20736.915
7017S80,GLE,25,2.00,34138.930
7017S80,GLN,25,2.00,26673.700
7017S80,GLN,26,1.00,26225.210
7017S80,GLE,27,10.00,16469.420
7017S80,GLN,27,10.00,39402.892
7017S80,GLN,30,1.00,23430.980
7017S80,GLN,31,4.00,37045.492
7017S80,GLE,31,1.00,0.000
7017S80,GLN,32,3.00,17030.173
7017S85,GMM,1,1.00,25734.210
7017S85,GMR,1,26.00,2083.054
7017S85,GLE,5,1.00,0.000
7017S85,GLN,8,1.00,56746.740
7017S85,GLE,10,1.00,38058.730
7017S85,GLN,18,1.00,67805.170
7017S85,GLN,21,2.00,78245.840
7017S85,GLE,22,1.00,0.000
7017S85,GLE,23,7.00,27059.001
7017S85,GLN,23,3.00,48651.916
7017S85,GLN,25,1.00,71668.030
7017S85,GLE,27,3.00,28465.723
7017S85,GLN,27,1.00,68257.270
7017S85,GLE,28,1.00,143251.650
7017S85,GLN,29,1.00,49135.330
7017S85,GLN,31,2.00,68729.685
7017T42,GLE,27,1.00,57.420
702001S,GLE,25,1.00,0.000
7024E20,GLE,5,1.00,25.590
7024E20,GLE,10,4.00,0.000
7024E20,GLE,12,1.00,282.020
7024E20,GLE,18,1.00,301.550
7024E20,GLE,21,1.00,0.000
7024E20,GLE,23,1.00,0.000
7024E20,GLE,24,1.00,0.000
7024E20,GLE,29,1.00,0.000
7024E20,GLE,30,1.00,0.000
7024E20,GLE,32,2.00,165.185
7024E30,GMR,1,1.00,18.840
7024E30,GLE,5,2.00,729.340
7024E30,GLE,7,1.00,0.000
7024E30,GLE,9,1.00,0.000
7024E30,GLE,13,1.00,0.000
7024E30,GLE,14,5.00,205.598
7024E30,GLE,16,2.00,1001.795
7024E30,GLE,17,1.00,0.000
7024E30,GLE,18,1.00,707.340
7024E30,GLE,20,1.00,658.470
7024E30,GLE,22,1.00,0.000
7024E30,GLE,23,4.00,168.855
7024E30,GLE,27,3.00,0.000
7024E30,GLN,27,1.00,0.000
7024E30,GLN,28,2.00,0.000
7024E30,GLE,29,1.00,504.880
7024E30,GLE,31,2.00,0.000
7024E30,GLE,32,1.00,0.000
7025150,GLE,31,1.00,0.000
70255F1,GLE,10,1.00,0.000
70256F0,GLE,5,2.00,1338.875
70256F0,GLN,5,2.00,2878.770
70256F0,GLN,9,1.00,4339.670
70256F0,GLE,10,1.00,0.000
70256F0,GLN,10,1.00,1606.330
70256F0,GLN,14,2.00,6255.000
70256F0,GLN,17,1.00,8947.120
70256F0,GLE,18,1.00,253.120
70256F0,GLN,18,2.00,2975.090
70256F0,GLE,23,1.00,2245.210
70256F0,GLE,27,1.00,3785.090
70256F0,GLN,30,1.00,8964.540
70256F1,GMR,1,3.00,4352.993
70256F1,GLN,4,2.00,7174.130
70256F1,GLN,5,1.00,3951.570
70256F1,GLE,5,3.00,1800.203
70256F1,GLN,6,1.00,2725.050
70256F1,GLE,7,4.00,0.000
70256F1,GLN,10,1.00,2500.340
70256F1,GLE,10,1.00,0.000
70256F1,GLN,11,3.00,3958.933
70256F1,GLN,12,5.00,3007.600
70256F1,GLE,14,3.00,4534.990
70256F1,GLN,15,1.00,11119.780
70256F1,GLE,15,1.00,0.000
70256F1,GLN,16,2.00,6141.090
70256F1,GLN,17,1.00,9817.880
70256F1,GLE,18,10.00,30.805
70256F1,GLN,19,2.00,3074.430
70256F1,GLE,20,1.00,0.000
70256F1,GLE,21,1.00,0.000
70256F1,GLN,22,13.00,13566.550
70256F1,GLN,23,14.00,4309.830
70256F1,GLE,23,11.00,1275.062
70256F1,GLN,24,2.00,2711.015
70256F1,GLE,27,3.00,1702.133
70256F1,GLN,28,1.00,15887.420
70256F1,GLE,31,1.00,3664.680
7025F30,GMR,1,1.00,0.010
7025F30,GLE,5,1.00,0.000
7025F30,GLE,9,1.00,0.000
7025F30,GLE,10,2.00,0.000
7025F30,GLE,12,1.00,425.520
7025F30,GLE,14,3.00,345.390
7025F30,GLE,15,1.00,0.000
7025F30,GLE,16,1.00,0.000
7025F30,GLE,18,2.00,0.000
7025F30,GLE,19,1.00,1084.830
7025F30,GLN,20,3.00,0.000
7025F30,GLN,21,5.00,0.320
7025F30,GLN,22,1.00,0.320
7025F30,GLE,23,1.00,1157.080
7025F30,GLE,25,1.00,948.430
7025F30,GLN,25,2.00,0.000
7025F30,GLE,26,1.00,213.590
7025F30,GLN,27,1.00,0.000
7025F30,GLE,28,1.00,251.450
7025F30,GLE,31,1.00,725.830
7025F40,GMR,1,1.00,10.800
7025F40,GLE,4,1.00,2398.470
7025F40,GLE,5,3.00,741.250
7025F40,GLN,5,9.00,0.000
7025F40,GLE,7,1.00,637.210
7025F40,GLN,7,1.00,0.000
7025F40,GLE,8,1.00,238.150
7025F40,GLN,9,3.00,15.800
7025F40,GLE,10,12.00,1108.740
7025F40,GLE,11,10.00,995.664
7025F40,GLE,12,2.00,447.795
7025F40,GLN,12,6.00,0.000
7025F40,GLE,13,2.00,737.510
7025F40,GLE,14,1.00,54.350
7025F40,GLN,14,1.00,0.000
7025F40,GLE,15,1.00,315.700
7025F40,GLE,16,19.00,793.645
7025F40,GLN,17,1.00,0.000
7025F40,GLN,18,1.00,0.000
7025F40,GLE,18,54.00,1241.830
7025F40,GLE,19,5.00,482.954
7025F40,GLE,20,25.00,758.866
7025F40,GLN,20,2.00,0.000
7025F40,GLN,21,1.00,0.000
7025F40,GLE,21,3.00,365.823
7025F40,GLE,23,15.00,1284.213
7025F40,GLN,23,2.00,0.000
7025F40,GLE,24,2.00,0.000
7025F40,GLE,25,1.00,0.000
7025F40,GLE,27,3.00,259.176
7025F40,GLN,27,1.00,0.000
7025F40,GLE,28,2.00,1301.570
7025F40,GLE,29,32.00,1107.465
7025F40,GLE,30,102.00,1488.813
7025F40,GLE,31,25.00,1428.234
7025F40,GLE,32,1.00,671.740
7025F50,GMR,1,8.00,463.231
7025F50,GLE,4,3.00,20.230
7025F50,GLN,4,2.00,6.300
7025F50,GLE,5,8.00,692.371
7025F50,GLN,5,7.00,34.400
7025F50,GLE,6,5.00,362.580
7025F50,GLN,6,5.00,10.948
7025F50,GLE,7,6.00,1215.530
7025F50,GLN,7,2.00,0.000
7025F50,GLE,8,1.00,0.000
7025F50,GLN,8,1.00,0.000
7025F50,GLE,9,1.00,1071.700
7025F50,GLN,9,19.00,0.000
7025F50,GLE,10,20.00,634.725
7025F50,GLN,10,12.00,0.000
7025F50,GLE,11,9.00,352.322
7025F50,GLN,11,6.00,0.000
7025F50,GLE,12,3.00,0.000
7025F50,GLN,12,10.00,0.000
7025F50,GLE,13,5.00,823.084
7025F50,GLN,13,2.00,0.000
7025F50,GLE,14,18.00,327.734
7025F50,GLN,14,87.00,0.112
7025F50,GLE,15,2.00,3177.505
7025F50,GLN,15,14.00,0.000
7025F50,GLE,16,5.00,380.880
7025F50,GLN,16,10.00,0.000
7025F50,GLN,17,2.00,30.115
7025F50,GLE,18,13.00,3530.024
7025F50,GLN,18,132.00,0.235
7025F50,GLE,19,2.00,0.000
7025F50,GLE,20,5.00,1331.414
7025F50,GLN,20,4.00,0.000
7025F50,GLE,21,4.00,2839.692
7025F50,GLN,21,1.00,0.000
7025F50,GLE,22,5.00,694.824
7025F50,GLN,22,7.00,5.654
7025F50,GLE,23,103.00,140.399
7025F50,GLN,23,20.00,9.896
7025F50,GLE,24,4.00,0.000
7025F50,GLE,25,3.00,0.000
7025F50,GLN,25,1.00,0.000
7025F50,GLE,26,3.00,0.000
7025F50,GLN,26,1.00,0.000
7025F50,GLE,27,22.00,856.993
7025F50,GLN,27,9.00,0.000
7025F50,GLN,28,2.00,0.000
7025F50,GLE,29,3.00,731.330
7025F50,GLE,30,2.00,0.000
7025F50,GLE,31,9.00,139.204
7025F50,GLN,31,35.00,0.000
7025F50,GLE,32,4.00,3554.592
7025F50,GLN,32,8.00,0.000
7025F80,GMM,1,1.00,5126.020
7025F80,GMR,1,7.00,892.162
7025F80,GLE,4,2.00,3773.420
7025F80,GLE,5,1.00,421.330
7025F80,GLN,6,2.00,115.200
7025F80,GLN,8,2.00,6338.360
7025F80,GLE,9,1.00,0.000
7025F80,GLN,9,1.00,0.000
7025F80,GLE,10,3.00,2491.413
7025F80,GLN,10,1.00,8762.330
7025F80,GLN,11,4.00,3923.770
7025F80,GLE,12,1.00,1794.340
7025F80,GLN,12,2.00,3249.400
7025F80,GLN,13,1.00,265.240
7025F80,GLE,14,6.00,1319.403
7025F80,GLN,14,10.00,1517.329
7025F80,GLN,15,1.00,4793.040
7025F80,GLE,16,3.00,0.000
7025F80,GLN,16,2.00,3749.725
7025F80,GLN,17,1.00,0.000
7025F80,GLE,18,8.00,965.520
7025F80,GLN,18,2.00,992.560
7025F80,GLE,19,1.00,0.000
7025F80,GLN,19,1.00,12365.350
7025F80,GLE,20,7.00,1857.388
7025F80,GLN,20,1.00,3918.220
7025F80,GLE,22,3.00,2732.980
7025F80,GLN,22,4.00,3908.880
7025F80,GLE,23,22.00,1293.092
7025F80,GLN,23,8.00,2893.135
7025F80,GLE,24,1.00,1999.340
7025F80,GLN,24,8.00,352.880
7025F80,GLE,25,1.00,1020.530
7025F80,GLN,25,1.00,8295.340
7025F80,GLE,26,2.00,0.000
7025F80,GLE,27,2.00,202.450
7025F80,GLN,27,9.00,1830.286
7025F80,GLN,28,2.00,4357.080
7025F80,GLN,29,1.00,2484.000
7025F80,GLN,31,15.00,4344.402
7025F80,GLE,31,16.00,837.741
7025F80,GLN,32,1.00,6025.180
7025H50,GLE,20,1.00,0.000
7025H70,GMR,1,2.00,4.310
7025H70,GLE,20,2.00,0.000
7025H70,GLE,23,1.00,0.000
7025H70,GLE,31,2.00,0.000
7026001,GLE,14,1.00,0.000
7026140,GLE,10,1.00,0.000
7026170,GLE,18,5.00,149.180
7026270,GLE,18,1.00,217.180
70266H0,GLE,9,6.00,0.000
70266H0,GLN,27,2.00,8159.770
70266H1,GMR,1,4.00,1668.905
70266H1,GLN,4,1.00,13395.100
70266H1,GLE,5,5.00,1298.604
70266H1,GLN,5,2.00,4747.950
70266H1,GLE,6,2.00,0.000
70266H1,GLN,6,1.00,4856.730
70266H1,GLN,7,1.00,14248.800
70266H1,GLN,9,1.00,5839.220
70266H1,GLE,10,6.00,4065.895
70266H1,GLN,10,1.00,3877.200
70266H1,GLN,11,1.00,13770.510
70266H1,GLE,13,3.00,0.000
70266H1,GLN,13,3.00,6090.846
70266H1,GLE,14,3.00,7571.810
70266H1,GLN,14,3.00,8199.386
70266H1,GLN,16,1.00,9558.700
70266H1,GLN,17,5.00,4078.330
70266H1,GLE,18,1.00,5295.800
70266H1,GLN,18,3.00,12515.293
70266H1,GLE,19,2.00,0.000
70266H1,GLE,21,10.00,0.000
70266H1,GLN,21,2.00,6616.215
70266H1,GLN,22,1.00,9555.120
70266H1,GLE,23,12.00,2548.706
70266H1,GLN,23,12.00,9265.345
70266H1,GLN,24,9.00,7989.396
70266H1,GLN,25,7.00,14555.450
70266H1,GLE,27,9.00,2795.971
70266H1,GLN,27,4.00,7023.757
70266H1,GLN,28,1.00,3844.000
70266H1,GLE,31,1.00,0.000
70266H1,GLE,32,6.00,0.000
70266M1,GMR,1,27.00,4240.920
70266M1,GLN,10,1.00,29943.650
70266M1,GLN,12,1.00,35631.250
70266M1,GLN,17,3.00,19826.496
70266M1,GLN,21,1.00,35631.250
70266M1,GLE,23,13.00,0.000
70266M1,GLN,23,1.00,49562.280
70266M1,GLE,27,1.00,0.000
70266M1,GLE,31,1.00,0.000
70266M1,GLE,32,2.00,0.000
7026B80,GMM,1,1.00,952.270
7026B80,GMR,1,123.00,277.017
7026B80,GLN,4,2.00,2767.235
7026B80,GLE,4,2.00,0.000
7026B80,GLE,5,10.00,175.731
7026B80,GLN,5,4.00,5452.920
7026B80,GLN,6,3.00,2314.980
7026B80,GLE,6,2.00,0.000
7026B80,GLN,8,3.00,2928.103
7026B80,GLN,9,10.00,2838.883
7026B80,GLE,10,2.00,2813.015
7026B80,GLN,10,7.00,3925.154
7026B80,GLE,12,1.00,0.000
7026B80,GLN,12,4.00,3811.000
7026B80,GLN,13,1.00,1190.570
7026B80,GLE,14,16.00,940.260
7026B80,GLN,14,10.00,2939.154
7026B80,GLN,15,9.00,2020.527
7026B80,GLN,16,7.00,3314.481
7026B80,GLN,17,2.00,2370.315
7026B80,GLE,18,1.00,2685.860
7026B80,GLN,18,4.00,2578.170
7026B80,GLE,19,3.00,1492.913
7026B80,GLN,19,3.00,2059.200
7026B80,GLN,20,3.00,2026.316
7026B80,GLE,21,1.00,0.000
7026B80,GLN,21,4.00,1913.782
7026B80,GLN,22,5.00,2089.020
7026B80,GLE,23,34.00,1177.269
7026B80,GLN,23,15.00,2079.250
7026B80,GLN,24,15.00,1381.277
7026B80,GLN,25,6.00,4462.726
7026B80,GLN,26,14.00,2294.665
7026B80,GLE,27,9.00,846.497
7026B80,GLN,27,21.00,3702.771
7026B80,GLE,28,6.00,1934.170
7026B80,GLN,28,3.00,3881.890
7026B80,GLE,29,4.00,995.435
7026B80,GLN,29,5.00,6457.290
7026B80,GLN,30,5.00,2726.940
7026B80,GLE,31,4.00,360.257
7026B80,GLN,31,17.00,1386.940
7026B80,GLE,32,9.00,286.297
7026B80,GLN,32,4.00,1970.950
7026D40,GLE,6,1.00,535.480
7026H50,GMM,1,3.00,2165.956
7026H50,GMR,1,36.00,89.032
7026H50,GLN,4,1.00,0.000
7026H50,GLE,5,4.00,1116.960
7026H50,GLE,6,2.00,2762.810
7026H50,GLE,7,2.00,2377.810
7026H50,GLE,8,7.00,911.622
7026H50,GLE,9,2.00,1324.270
7026H50,GLN,9,3.00,97.200
7026H50,GLE,10,1.00,0.000
7026H50,GLN,10,1.00,0.000
7026H50,GLN,11,1.00,0.000
7026H50,GLN,12,9.00,7.025
7026H50,GLE,13,4.00,2532.440
7026H50,GLE,14,1.00,2720.410
7026H50,GLN,14,2.00,0.000
7026H50,GLN,15,1.00,0.000
7026H50,GLE,16,1.00,950.860
7026H50,GLN,16,2.00,48.735
7026H50,GLE,18,2.00,702.235
7026H50,GLN,18,11.00,56.209
7026H50,GLN,19,2.00,0.000
7026H50,GLE,21,1.00,668.450
7026H50,GLN,21,1.00,0.000
7026H50,GLE,23,11.00,798.828
7026H50,GLN,23,6.00,0.000
7026H50,GLN,26,5.00,0.000
7026H50,GLE,27,13.00,0.000
7026H50,GLN,27,3.00,0.000
7026H50,GLN,28,2.00,0.000
7026H50,GLN,31,9.00,0.000
7026H50,GLE,32,1.00,0.000
7026H50,GLN,32,2.00,0.000
7026H70,GMM,1,2.00,1754.440
7026H70,GMR,1,50.00,297.592
7026H70,GLN,4,2.00,378.460
7026H70,GLE,5,3.00,105.733
7026H70,GLN,5,4.00,1522.850
7026H70,GLE,6,3.00,615.286
7026H70,GLN,6,1.00,3433.840
7026H70,GLE,7,2.00,3396.425
7026H70,GLE,8,1.00,5697.580
7026H70,GLN,8,10.00,5012.964
7026H70,GLN,9,2.00,20.595
7026H70,GLE,10,17.00,64.662
7026H70,GLN,10,8.00,2576.752
7026H70,GLE,11,2.00,0.000
7026H70,GLN,12,1.00,1623.480
7026H70,GLE,13,3.00,0.000
7026H70,GLE,14,16.00,576.772
7026H70,GLN,14,11.00,4734.051
7026H70,GLE,15,3.00,0.000
7026H70,GLE,16,1.00,2851.020
7026H70,GLN,16,1.00,13.360
7026H70,GLE,17,1.00,0.000
7026H70,GLN,17,4.00,1367.235
7026H70,GLE,18,8.00,0.000
7026H70,GLN,18,1.00,2904.230
7026H70,GLE,19,7.00,364.548
7026H70,GLE,21,3.00,0.000
7026H70,GLN,21,3.00,895.880
7026H70,GLE,22,3.00,2257.613
7026H70,GLE,23,23.00,1263.378
7026H70,GLN,23,23.00,1054.771
7026H70,GLE,24,3.00,0.000
7026H70,GLN,24,6.00,987.306
7026H70,GLE,25,1.00,0.000
7026H70,GLN,26,2.00,0.000
7026H70,GLE,27,16.00,36.096
7026H70,GLN,27,8.00,552.203
7026H70,GLN,29,1.00,341.880
7026H70,GLE,30,6.00,0.000
7026H70,GLE,31,7.00,1315.550
7026H70,GLN,31,6.00,19.383
7026H80,GMR,1,1.00,532.950
7026H80,GLN,4,3.00,5242.440
7026H80,GLE,4,2.00,7388.470
7026H80,GLE,5,5.00,2621.034
7026H80,GLN,5,12.00,4085.382
7026H80,GLE,6,3.00,0.000
7026H80,GLE,7,4.00,7006.822
7026H80,GLN,7,1.00,3023.370
7026H80,GLN,8,3.00,8023.346
7026H80,GLE,8,1.00,6444.810
7026H80,GLE,9,3.00,7057.106
7026H80,GLN,9,14.00,6553.617
7026H80,GLN,10,34.00,5966.229
7026H80,GLE,10,25.00,2943.656
7026H80,GLN,11,1.00,780.500
7026H80,GLN,12,1.00,5094.360
7026H80,GLE,12,1.00,6196.510
7026H80,GLN,13,4.00,6749.080
7026H80,GLN,14,33.00,7613.906
7026H80,GLE,14,3.00,4869.410
7026H80,GLE,15,4.00,2273.050
7026H80,GLN,15,3.00,227.950
7026H80,GLN,16,1.00,832.820
7026H80,GLE,16,6.00,3365.886
7026H80,GLE,18,5.00,3915.978
7026H80,GLN,18,23.00,1811.520
7026H80,GLE,19,3.00,2540.553
7026H80,GLE,20,6.00,3555.938
7026H80,GLN,20,2.00,5186.300
7026H80,GLN,21,1.00,1732.190
7026H80,GLN,22,2.00,7440.695
7026H80,GLE,22,7.00,2620.275
7026H80,GLE,23,24.00,2417.675
7026H80,GLN,23,53.00,4508.118
7026H80,GLN,24,2.00,6600.905
7026H80,GLE,24,4.00,2493.337
7026H80,GLE,25,9.00,2858.214
7026H80,GLN,25,5.00,3797.932
7026H80,GLE,26,3.00,2093.936
7026H80,GLN,26,6.00,4321.880
7026H80,GLE,27,29.00,1680.171
7026H80,GLN,27,21.00,4771.193
7026H80,GLE,29,2.00,3619.310
7026H80,GLN,29,4.00,4902.435
7026H80,GLE,31,12.00,3222.227
7026H80,GLN,31,25.00,5651.672
7026H80,GLN,32,1.00,5926.850
7026H80,GLE,32,2.00,1779.225
7026M80,GMM,1,3.00,10877.610
7026M80,GMR,1,41.00,237.467
7026M80,GLE,5,2.00,0.000
7026M80,GLN,5,3.00,18417.340
7026M80,GLE,6,1.00,0.000
7026M80,GLE,7,4.00,16655.395
7026M80,GLN,7,1.00,8472.560
7026M80,GLN,8,1.00,13272.530
7026M80,GLN,9,1.00,19320.280
7026M80,GLE,10,19.00,8872.609
7026M80,GLN,10,7.00,22094.367
7026M80,GLE,11,1.00,0.000
7026M80,GLN,11,4.00,10685.045
7026M80,GLE,13,2.00,9021.315
7026M80,GLE,14,2.00,20540.700
7026M80,GLN,14,20.00,13384.173
7026M80,GLE,18,6.00,1689.548
7026M80,GLN,18,19.00,15670.127
7026M80,GLE,19,2.00,11610.265
7026M80,GLN,19,3.00,7021.876
7026M80,GLE,20,3.00,15264.120
7026M80,GLN,20,2.00,6608.385
7026M80,GLN,21,1.00,11725.500
7026M80,GLN,22,3.00,11758.716
7026M80,GLE,23,22.00,6763.019
7026M80,GLN,23,15.00,7522.055
7026M80,GLE,24,3.00,4802.933
7026M80,GLE,25,1.00,9168.010
7026M80,GLE,26,3.00,6816.320
7026M80,GLN,26,1.00,14188.780
7026M80,GLE,27,6.00,9444.788
7026M80,GLN,27,14.00,11880.085
7026M80,GLE,28,2.00,9372.185
7026M80,GLN,28,2.00,15341.940
7026M80,GLN,29,1.00,18009.640
7026M80,GLN,30,1.00,12600.000
7026M80,GLN,31,6.00,14074.090
7026M80,GLN,32,1.00,284.470
70286C1,GMM,1,1.00,1543.320
70286C1,GLE,14,1.00,244.680
70286C1,GLN,16,1.00,1190.820
70286C1,GLN,17,1.00,1190.820
70286C1,GLE,18,5.00,414.540
70286C1,GLN,20,1.00,1479.590
70286C1,GLN,21,2.00,935.030
70286C1,GLN,22,3.00,1156.553
70286C1,GLE,23,15.00,925.921
70286C1,GLN,23,2.00,743.010
70286C1,GLN,24,1.00,2311.980
70286C1,GLN,25,4.00,1504.017
70286C1,GLE,27,10.00,652.397
70286C1,GLN,28,19.00,1234.251
70286C1,GLN,29,1.00,1992.140
70286C1,GLN,30,1.00,397.380
70286C1,GLE,31,6.00,2186.940
70286C1,GLN,31,10.00,1453.182
70286C1,GLN,32,1.00,2296.680
70286C4,GLE,23,26.00,0.000
70286E1,GMM,1,1.00,119.490
70286E1,GMR,1,9.00,2750.325
70286E1,GLE,10,1.00,212.730
70286E1,GLN,15,2.00,2222.865
70286E1,GLN,16,2.00,1204.000
70286E1,GLE,18,3.00,77.030
70286E1,GLE,21,1.00,0.000
70286E1,GLN,22,1.00,1473.310
70286E1,GLE,23,10.00,844.414
70286E1,GLN,23,34.00,792.114
70286E1,GLN,25,1.00,731.800
70286E1,GLN,26,7.00,945.780
70286E1,GLE,27,7.00,1352.737
70286E1,GLN,27,3.00,1433.073
70286E1,GLN,28,3.00,1602.060
70286E1,GLN,29,1.00,1115.910
70286E1,GLN,30,3.00,1014.723
70286E1,GLE,31,5.00,1134.614
70286E1,GLN,32,1.00,712.790
70286E4,GMR,1,1.00,4569.600
70286E4,GLN,23,25.00,576.900
70286E4,GLE,27,3.00,0.000
70303AT,GLE,10,1.00,0.000
70303AT,GLE,21,1.00,160.700
70386M2,GMM,1,3.00,7231.533
70386M2,GMR,1,1.00,529.980
70386M2,GLE,23,1.00,10000.000
704061D,GMM,1,2.00,3655.485
704061D,GMP,1,13.00,6834.130
704061D,GLN,10,2.00,0.000
704061D,GLE,23,5.00,0.002
704061D,GLE,25,3.00,0.000
704061D,GLN,27,1.00,6043.410
704061D,GLN,30,7.00,6166.540
704061D,GLE,31,1.00,0.000
704061D,GLN,31,5.00,6042.642
704061D,GLN,32,1.00,2819.420
704061R,GMM,1,1.00,0.000
704061R,GMP,1,12.00,4193.064
704061R,GLN,10,1.00,0.000
704061R,GLE,23,2.00,0.000
704061R,GLE,25,2.00,0.000
704061R,GLN,27,1.00,4688.150
704061R,GLN,30,2.00,6011.285
704061R,GLE,31,1.00,0.000
704061R,GLN,31,5.00,4688.150
704061R,GLN,32,1.00,1908.470
7040671,GMM,1,1.00,15511.560
7040671,GMP,1,6.00,6262.168
7040671,GLE,23,7.00,11507.891
7040681,GMM,1,2.00,98849.325
7040681,GMP,1,4.00,105076.540
7040681,GLN,10,1.00,0.000
7040681,GLE,22,1.00,0.000
7040681,GLE,23,4.00,975.000
7040681,GLE,25,2.00,0.000
7040681,GLE,27,4.00,0.000
7040681,GLN,27,1.00,76767.420
7040681,GLN,30,2.00,171554.145
7040681,GLE,31,1.00,0.000
7040681,GLN,31,5.00,143049.492
7040681,GLN,32,1.00,24562.450
7040FEA,GMP,1,1.00,0.000
7043000,GMM,1,1.00,92.000
7043140,GMM,1,4.00,726.995
7043140,GMR,1,10.00,0.380
7043140,GLE,4,1.00,0.000
7043140,GLE,5,5.00,103.768
7043140,GLN,5,15.00,0.000
7043140,GLE,7,2.00,310.440
7043140,GLN,7,2.00,0.000
7043140,GLE,9,4.00,543.175
7043140,GLN,9,5.00,0.000
7043140,GLE,10,52.00,694.394
7043140,GLN,10,2.00,0.000
7043140,GLE,11,23.00,697.960
7043140,GLE,12,19.00,929.182
7043140,GLN,12,1.00,0.000
7043140,GLE,13,4.00,229.142
7043140,GLE,14,29.00,488.006
7043140,GLN,14,3.00,0.000
7043140,GLE,15,15.00,829.028
7043140,GLE,16,30.00,560.845
7043140,GLN,16,1.00,0.000
7043140,GLE,17,54.00,735.044
7043140,GLE,18,26.00,700.788
7043140,GLN,18,2.00,0.000
7043140,GLE,19,5.00,243.492
7043140,GLE,20,9.00,676.004
7043140,GLE,21,5.00,407.808
7043140,GLE,22,10.00,594.944
7043140,GLE,23,45.00,594.408
7043140,GLN,23,9.00,0.224
7043140,GLE,24,43.00,626.125
7043140,GLE,25,9.00,503.135
7043140,GLN,25,7.00,0.000
7043140,GLE,26,7.00,737.022
7043140,GLN,26,1.00,0.000
7043140,GLE,27,53.00,527.990
7043140,GLN,27,1.00,0.000
7043140,GLE,28,6.00,463.761
7043140,GLE,29,11.00,450.545
7043140,GLE,30,12.00,205.782
7043140,GLN,30,1.00,0.000
7043140,GLE,31,32.00,362.024
7043140,GLN,31,2.00,0.880
7043140,GLE,32,22.00,568.285
7043150,GMM,1,107.00,241.784
7043150,GMR,1,1050.00,5.155
7043150,GLE,4,9.00,0.000
7043150,GLE,5,49.00,237.050
7043150,GLN,5,251.00,8.393
7043150,GLE,6,33.00,6.273
7043150,GLE,7,9.00,142.393
7043150,GLN,7,2.00,0.000
7043150,GLE,8,9.00,38.092
7043150,GLE,9,6.00,0.000
7043150,GLN,9,1.00,0.000
7043150,GLN,10,285.00,0.000
7043150,GLE,10,32.00,129.632
7043150,GLE,11,18.00,40.267
7043150,GLN,11,1.00,0.000
7043150,GLN,12,8.00,0.000
7043150,GLE,12,2.00,0.000
7043150,GLE,13,5.00,89.660
7043150,GLN,13,2.00,0.000
7043150,GLN,14,48.00,0.000
7043150,GLE,14,29.00,8.128
7043150,GLE,15,5.00,0.000
7043150,GLN,15,2.00,0.000
7043150,GLN,16,22.00,0.000
7043150,GLE,16,9.00,0.000
7043150,GLE,17,32.00,306.735
7043150,GLN,17,4.00,0.000
7043150,GLN,18,2.00,0.000
7043150,GLE,18,21.00,17.628
7043150,GLE,19,24.00,55.758
7043150,GLN,19,1.00,0.000
7043150,GLN,20,2.00,0.000
7043150,GLE,20,9.00,12.295
7043150,GLE,21,16.00,10.458
7043150,GLE,22,14.00,31.665
7043150,GLE,23,118.00,109.152
7043150,GLN,24,1.00,0.000
7043150,GLE,24,12.00,2.503
7043150,GLN,25,4.00,0.000
7043150,GLE,25,17.00,192.101
7043150,GLN,26,2.00,0.000
7043150,GLE,26,13.00,55.909
7043150,GLN,27,3.00,0.000
7043150,GLE,27,134.00,44.086
7043150,GLE,28,11.00,202.929
7043150,GLN,29,21.00,0.000
7043150,GLE,29,1.00,0.000
7043150,GLN,30,2.00,0.000
7043150,GLE,30,5.00,168.248
7043150,GLN,31,4.00,0.000
7043150,GLE,31,51.00,56.901
7043150,GLE,32,9.00,156.394
7043170,GLE,18,16.00,0.000
7043240,GMM,1,1.00,394.450
7043240,GMR,1,40.00,59.748
7043240,GLE,9,2.00,365.395
7043240,GLE,10,1.00,3694.290
7043240,GLE,14,1.00,0.000
7043240,GLN,14,1.00,0.000
7043240,GLE,17,1.00,1151.500
7043240,GLE,21,1.00,0.000
7043240,GLE,22,1.00,742.110
7043240,GLE,23,1.00,0.000
7043240,GLN,26,1.00,0.000
7043240,GLE,27,1.00,0.000
7043240,GLE,29,3.00,609.956
7043240,GLE,32,1.00,0.000
7043260,GMR,1,17.00,9.662
7043260,GLE,5,2.00,73.365
7043260,GLE,8,1.00,0.000
7043260,GLE,10,4.00,654.295
7043260,GLN,11,9.00,0.000
7043260,GLN,12,1.00,0.000
7043260,GLN,20,1.00,0.000
7043260,GLN,22,7.00,0.000
7043260,GLE,23,4.00,11.570
7043260,GLN,23,2.00,0.000
7043260,GLN,25,2.00,0.000
7043260,GLE,26,2.00,334.635
7043260,GLE,27,4.00,5.392
7043260,GLE,28,1.00,0.000
7043260,GLN,32,1.00,0.000
7043270,GMR,1,1.00,1.150
704343P,GLE,5,2.00,0.000
704343P,GLE,7,1.00,0.000
704343P,GLE,9,1.00,0.000
704343P,GLE,10,2.00,0.000
704343P,GLE,12,1.00,0.000
704343P,GLE,13,1.00,0.000
704343P,GLE,14,1.00,0.000
704343P,GLE,18,2.00,0.000
704343P,GLE,19,1.00,0.000
704343P,GLE,21,1.00,0.000
704343P,GLE,22,4.00,0.000
704343P,GLE,23,1.00,0.000
704343P,GLE,24,1.00,0.000
704343P,GLE,30,7.00,0.000
7043999,GMR,1,3.00,0.000
7043F50,GLE,10,1.00,814.490
7044000,GMM,1,6.00,239.166
7044170,GMM,1,5.00,374.318
7044170,GMR,1,118.00,90.622
7044170,GLN,4,14.00,1199.429
7044170,GLE,4,12.00,619.483
7044170,GLE,5,37.00,598.057
7044170,GLN,5,65.00,1167.667
7044170,GLN,6,2.00,1174.415
7044170,GLE,6,12.00,427.265
7044170,GLE,7,12.00,518.966
7044170,GLN,7,2.00,1271.620
7044170,GLE,8,7.00,528.114
7044170,GLE,9,18.00,523.729
7044170,GLN,9,1.00,930.700
7044170,GLN,10,28.00,995.578
7044170,GLE,10,59.00,626.412
7044170,GLE,11,62.00,631.617
7044170,GLN,11,14.00,1294.419
7044170,GLN,12,17.00,1088.382
7044170,GLE,12,50.00,728.401
7044170,GLE,13,10.00,741.420
7044170,GLN,13,6.00,1269.206
7044170,GLN,14,3.00,929.893
7044170,GLE,14,132.00,822.228
7044170,GLE,15,26.00,506.643
7044170,GLN,15,1.00,134.130
7044170,GLN,16,9.00,1531.674
7044170,GLE,16,11.00,963.533
7044170,GLE,17,4.00,635.495
7044170,GLN,17,1.00,1543.080
7044170,GLN,18,144.00,1087.757
7044170,GLE,18,208.00,505.391
7044170,GLE,19,66.00,431.120
7044170,GLN,19,1.00,1925.680
7044170,GLN,20,1.00,1159.980
7044170,GLE,20,42.00,573.087
7044170,GLE,21,32.00,405.107
7044170,GLN,21,18.00,1085.130
7044170,GLE,22,37.00,445.978
7044170,GLE,23,174.00,405.667
7044170,GLN,23,54.00,757.084
7044170,GLE,24,139.00,421.911
7044170,GLN,24,6.00,1073.761
7044170,GLE,25,49.00,383.850
7044170,GLN,25,1.00,761.600
7044170,GLE,26,34.00,341.494
7044170,GLE,27,69.00,250.964
7044170,GLN,27,342.00,1376.758
7044170,GLE,28,32.00,699.096
7044170,GLN,28,17.00,1001.920
7044170,GLE,29,9.00,735.986
7044170,GLN,29,12.00,1537.762
7044170,GLE,30,16.00,901.258
7044170,GLE,31,39.00,550.416
7044170,GLN,31,191.00,1442.311
7044170,GLE,32,43.00,697.701
7044260,GLE,27,1.00,7.190
7044260,GLE,31,1.00,0.000
7044270,GMM,1,4.00,1075.112
7044270,GMR,1,53.00,530.750
7044270,GLE,4,1.00,831.320
7044270,GLN,4,4.00,3952.440
7044270,GLE,5,6.00,1165.005
7044270,GLN,5,14.00,1862.702
7044270,GLE,6,25.00,985.056
7044270,GLN,6,3.00,2884.030
7044270,GLN,7,7.00,3235.161
7044270,GLE,8,5.00,503.074
7044270,GLN,8,2.00,3383.745
7044270,GLN,9,2.00,2593.275
7044270,GLE,10,11.00,1410.142
7044270,GLN,10,3.00,2380.436
7044270,GLE,11,1.00,3605.250
7044270,GLN,11,6.00,1976.650
7044270,GLN,12,2.00,1404.950
7044270,GLE,13,3.00,1637.850
7044270,GLN,13,2.00,2483.345
7044270,GLE,14,11.00,1661.691
7044270,GLN,14,4.00,1760.580
7044270,GLN,15,4.00,817.132
7044270,GLN,16,27.00,827.205
7044270,GLE,16,1.00,0.000
7044270,GLN,17,1.00,2987.330
7044270,GLN,18,17.00,1292.642
7044270,GLE,18,23.00,801.848
7044270,GLE,19,3.00,775.670
7044270,GLN,20,2.00,4315.540
7044270,GLN,21,1.00,2303.210
7044270,GLE,21,3.00,1164.863
7044270,GLN,22,23.00,422.460
7044270,GLE,22,2.00,1271.340
7044270,GLN,23,1.00,2071.960
7044270,GLE,23,15.00,606.488
7044270,GLN,24,13.00,422.460
7044270,GLE,24,2.00,778.455
7044270,GLN,26,1.00,1916.210
7044270,GLE,26,1.00,2931.120
7044270,GLN,27,5.00,609.624
7044270,GLE,27,7.00,255.205
7044270,GLE,28,1.00,505.070
7044270,GLN,29,6.00,3835.468
7044270,GLE,29,2.00,851.870
7044270,GLN,31,4.00,1709.955
7044270,GLE,31,4.00,1672.145
7046671,GLE,23,1.00,0.010
7046B50,GMR,1,1.00,163.670
7046B50,GLN,4,3.00,125.410
7046B50,GLN,5,3.00,32.976
7046B50,GLE,5,3.00,34.926
7046B50,GLN,6,4.00,129.802
7046B50,GLE,7,2.00,89.390
7046B50,GLN,8,6.00,92.968
7046B50,GLN,9,6.00,105.486
7046B50,GLN,10,19.00,87.571
7046B50,GLE,10,24.00,119.629
7046B50,GLE,11,2.00,58.100
7046B50,GLE,12,2.00,43.295
7046B50,GLN,12,1.00,76.090
7046B50,GLN,13,5.00,85.768
7046B50,GLE,13,4.00,0.000
7046B50,GLE,14,5.00,158.108
7046B50,GLN,14,3.00,105.443
7046B50,GLN,15,46.00,70.091
7046B50,GLN,16,3.00,45.980
7046B50,GLN,18,1.00,63.080
7046B50,GLE,18,4.00,294.750
7046B50,GLE,19,2.00,55.460
7046B50,GLE,20,2.00,31.900
7046B50,GLN,20,6.00,37.576
7046B50,GLN,21,8.00,55.133
7046B50,GLE,21,1.00,44.240
7046B50,GLE,23,66.00,35.457
7046B50,GLN,23,18.00,39.387
7046B50,GLN,24,2.00,15.250
7046B50,GLE,24,2.00,12.635
7046B50,GLE,27,12.00,31.735
7046B50,GLN,27,8.00,18.556
7046B50,GLE,28,3.00,10.200
7046B50,GLE,29,1.00,0.000
7046B50,GLN,29,1.00,0.000
7046B50,GLE,31,4.00,37.237
7046B50,GLN,31,3.00,0.000
7046B50,GLN,32,7.00,0.000
7060H30,GMP,1,6.00,12841.885
7060H30,GLE,5,1.00,0.000
7060H30,GLN,5,2.00,2916.420
7060H30,GLE,10,2.00,0.000
7060H30,GLN,10,7.00,5423.444
7060H30,GLE,14,1.00,4154.610
7060H30,GLN,14,6.00,5233.555
7060H30,GLE,18,1.00,2529.180
7060H30,GLN,18,4.00,4646.922
7060H30,GLE,21,1.00,0.000
7060H30,GLE,23,2.00,732.075
7060H30,GLN,23,10.00,6007.877
7060H30,GLE,27,3.00,0.000
7060H30,GLN,27,7.00,4526.490
7060H30,GLE,29,1.00,0.000
7060H30,GLE,31,1.00,0.000
7060H30,GLN,31,5.00,0.000
7060H30,GLE,32,1.00,7158.090
7060H50,GMP,1,14.00,13945.903
7060H50,GLE,5,3.00,683.176
7060H50,GLN,5,2.00,14045.395
7060H50,GLN,10,2.00,6715.780
7060H50,GLE,10,4.00,0.000
7060H50,GLE,12,1.00,0.000
7060H50,GLE,17,1.00,0.000
7060H50,GLE,18,2.00,7609.800
7060H50,GLN,18,2.00,6270.995
7060H50,GLE,23,3.00,914.760
7060H50,GLN,23,6.00,6583.356
7060H50,GLE,24,1.00,0.000
7060H50,GLN,27,3.00,7185.133
7060H55,GLN,23,1.00,7592.160
7060H55,GLN,31,1.00,0.000
7060H70,GMM,1,2.00,17989.805
7060H70,GMP,1,6.00,9552.020
7060H70,GLN,18,1.00,13579.970
7060H70,GLE,23,1.00,0.000
7060H70,GLN,23,3.00,9373.340
7060H70,GLE,31,1.00,17650.790
7060H75,GLN,23,2.00,15487.510
7060P30,GMP,1,12.00,9919.795
7060P30,GLN,4,1.00,1728.000
7060P30,GLN,5,1.00,1728.000
7060P30,GLN,10,1.00,1728.000
7060P30,GLN,12,4.00,1728.000
7060P30,GLN,13,1.00,1728.000
7060P30,GLN,14,1.00,1728.000
7060P30,GLE,14,2.00,1406.645
7060P30,GLN,15,2.00,1728.000
7060P30,GLN,16,3.00,1728.000
7060P30,GLN,17,1.00,1728.000
7060P30,GLN,19,2.00,0.000
7060P30,GLN,20,2.00,0.000
7060P30,GLE,23,1.00,0.000
7060P30,GLN,24,1.00,0.000
7060P30,GLN,25,1.00,0.000
7060P30,GLE,31,1.00,0.000
7202900,GMR,1,3.00,0.150
7202900,GLE,14,2.00,0.000
7202900,GLE,21,1.00,0.000
7202900,GLE,24,1.00,0.000
7202900,GLE,29,1.00,0.000
7202900,GLE,31,1.00,0.000
7248001,GLE,10,1.00,0.000
7248001,GLE,18,2.00,0.000
7248001,GLE,31,1.00,0.000
7248100,GLE,10,4.00,0.000
7248100,GLE,13,1.00,0.000
7248100,GLE,18,3.00,0.000
7248100,GLE,32,11.00,0.000
7248120,GLE,10,1.00,0.000
7248120,GLE,21,1.00,0.000
7248120,GLE,23,1.00,0.000
7248120,GLE,29,1.00,0.000
7248120,GLE,31,1.00,0.000
7248132,GLN,7,12.00,0.000
7248132,GLE,10,6.00,0.000
7248132,GLE,11,3.00,0.000
7248132,GLE,12,1.00,0.000
7248132,GLE,13,1.00,0.000
7248132,GLE,14,1.00,0.000
7248132,GLE,18,9.00,0.000
7248132,GLE,19,1.00,0.000
7248132,GLE,20,3.00,0.000
7248132,GLE,21,4.00,0.000
7248132,GLE,23,2.00,0.000
7248132,GLE,27,1.00,0.000
7248132,GLE,28,1.00,0.000
7248132,GLE,31,1.00,0.000
7248140,GLE,19,1.00,0.000
7248140,GLE,28,1.00,0.000
724843P,GLE,6,1.00,0.000
724843P,GLE,12,3.00,0.000
724843P,GLE,17,2.00,0.000
724843P,GLE,18,1.00,0.000
724843P,GLE,20,1.00,0.000
7248UPG,GLE,14,1.00,0.000
7249860,GLE,18,1.00,0.000
7249860,GLE,31,4.00,0.000
7311D10,GMM,1,1.00,97.000
7311D20,GMM,1,2.00,2.390
7315C01,GMM,1,1.00,129.000
7316TF1,GLN,4,1.00,180.000
7316TF1,GLN,6,1.00,174.380
7316TF1,GLE,6,1.00,0.000
7316TF1,GLN,9,2.00,823.590
7316TF1,GLE,10,1.00,0.000
7316TF1,GLN,13,1.00,397.630
7316TF1,GLN,14,1.00,397.630
7316TF1,GLE,14,1.00,464.170
7316TF1,GLN,16,1.00,411.790
7316TF1,GLN,17,1.00,295.320
7316TF1,GLN,19,1.00,354.990
7316TF1,GLN,20,1.00,174.380
7316TF1,GLN,21,2.00,347.290
7316TF1,GLN,23,1.00,353.930
7316TF1,GLE,23,2.00,0.000
7316TF1,GLN,25,2.00,226.105
7316TF1,GLE,27,3.00,57.036
7316TF1,GLN,30,1.00,406.430
7316TF1,GLE,31,1.00,0.000
7316TF2,GMM,1,1.00,199.790
7316TF2,GMX,1,1.00,53.000
7318P10,GLN,16,2.00,0.000
7318P10,GLN,31,2.00,0.000
7318S20,GLN,31,3.00,0.000
7372001,GLE,23,1.00,0.000
8508002,GLE,21,1.00,0.000
8508002,GLE,29,7.00,0.000
8508002,GLE,31,1.00,0.000
9021962,GLE,18,1.00,0.000
9032002,GMM,1,11.00,567.001
9032002,GMP,1,17.00,432.482
9032002,GLE,10,1.00,1508.990
9032003,GMP,1,23.00,9440.746
9032003,GLE,10,2.00,6187.210
9032003,GLN,10,1.00,0.000
9032003,GLN,13,3.00,0.000
9032003,GLE,14,14.00,12162.692
9032003,GLN,16,4.00,4085.450
9032003,GLN,22,1.00,0.000
9032003,GLE,23,4.00,10887.895
9032003,GLN,23,3.00,2221.853
9032003,GLE,24,1.00,0.000
9032003,GLN,26,2.00,2562.110
9032003,GLE,27,1.00,0.000
9032003,GLN,28,1.00,0.000
9032003,GLN,29,1.00,0.000
9032003,GLN,31,2.00,0.000
9032005,GMM,1,5.00,84546.208
9032005,GMP,1,50.00,42491.096
9032005,GLE,4,2.00,9871.820
9032005,GLN,4,2.00,11496.795
9032005,GLN,5,18.00,29404.499
9032005,GLN,7,1.00,13979.160
9032005,GLN,11,2.00,79643.280
9032005,GLE,14,4.00,44.890
9032005,GLN,14,3.00,23777.710
9032005,GLE,18,4.00,0.000
9032005,GLN,18,2.00,1.000
9032005,GLN,20,2.00,51149.970
9032005,GLN,21,1.00,0.000
9032005,GLN,22,1.00,0.000
9032005,GLE,23,26.00,5649.665
9032005,GLN,23,15.00,19185.638
9032005,GLE,25,2.00,0.000
9032005,GLE,27,13.00,19915.046
9032005,GLN,27,7.00,64730.592
9032005,GLN,28,5.00,0.000
9032005,GLN,30,3.00,0.000
9032005,GLE,31,4.00,0.000
9032005,GLN,31,6.00,46749.700
9032005,GLN,32,1.00,0.000
9033001,GLE,23,2.00,0.000
9034001,GME,1,14.00,11.500
9034001,GMM,1,4.00,488.250
9034001,GMX,1,374.00,32.981
9034001,GLE,21,1.00,512.270
9034001,GLE,23,21.00,0.000
9034001,GLN,23,42.00,0.000
9034001,GLE,24,4.00,0.000
9034001,GLE,27,6.00,0.000
9034001,GLN,31,4.00,63.700
9034001,GLN,32,1.00,63.700
9034001,GLE,32,2.00,0.000
90340A1,GMX,1,4.00,0.010
90340A1,GLN,32,1.00,63.700
9034999,GMX,1,9.00,0.000
9035001,GLE,23,1.00,479.430
9036003,GLE,10,12.00,0.000
9037001,GMP,1,14.00,1449.873
9037001,GLE,10,1.00,0.000
9037001,GLN,18,2.00,0.000
9037001,GLE,21,2.00,0.000
9037001,GLN,23,2.00,13.965
9037001,GLN,25,2.00,10.700
9037001,GLE,27,2.00,0.000
9037001,GLN,29,3.00,0.000
9037001,GLN,31,1.00,179.690
9037002,GLE,4,2.00,0.000
9037002,GLE,5,2.00,0.000
9037002,GLN,5,1.00,9756.640
9037002,GLE,10,5.00,0.000
9037002,GLN,10,1.00,5700.060
9037002,GLE,13,2.00,5392.065
9037002,GLN,13,2.00,1493.380
9037002,GLE,14,4.00,6.095
9037002,GLE,18,2.00,470.340
9037002,GLN,22,2.00,0.000
9037002,GLE,23,22.00,753.108
9037002,GLN,23,6.00,914.310
9037002,GLE,24,2.00,5123.535
9037002,GLE,27,3.00,6.936
9037002,GLN,27,6.00,1788.940
9037002,GLN,31,2.00,0.000
9076001,GLE,10,2.00,0.000
9076202,GLE,26,1.00,8425.830
9076205,GLN,6,1.00,0.000
9076205,GLE,19,1.00,6692.140
9076206,GLE,10,1.00,0.000
9076206,GLE,18,2.00,0.000
9076207,GLE,5,2.00,228.220
9076209,GMP,1,1.00,0.010
9076209,GLE,19,1.00,6219.920
9076209,GLE,23,3.00,0.000
9076209,GLN,27,1.00,0.000
907620A,GMP,1,1.00,0.010
90762A3,GLE,16,1.00,0.000
90762AA,GLE,27,1.00,0.000
9076303,GMP,1,2.00,0.010
9076303,GLE,4,1.00,0.000
9076304,GLE,13,1.00,3172.200
9076304,GLE,26,1.00,0.000
9076305,GLN,10,1.00,0.000
9076305,GLE,14,1.00,0.000
9076305,GLE,18,1.00,0.000
9076305,GLE,19,1.00,0.000
9076305,GLE,24,1.00,0.000
9076306,GMM,1,1.00,2765.000
9076306,GLE,10,1.00,0.000
9076306,GLE,14,1.00,0.000
9076306,GLE,19,1.00,15096.150
9076306,GLE,22,1.00,38314.110
9076306,GLE,24,1.00,0.000
9076306,GLN,26,1.00,0.000
9076307,GLE,17,1.00,10436.410
9076307,GLN,23,1.00,0.000
9076308,GMP,1,1.00,0.010
9076309,GMP,1,2.00,0.010
9076309,GLN,4,2.00,0.000
9076309,GLE,18,1.00,0.000
9076309,GLE,31,1.00,0.000
9076309,GLE,32,1.00,0.000
90763A5,GLE,18,1.00,0.000
90763AA,GLE,23,2.00,0.000
9076403,GMP,1,1.00,56718.480
9076408,GMP,1,1.00,0.010
9076500,GLE,14,1.00,0.660
9076500,GLE,27,1.00,0.000
9076550,GMM,1,9.00,10299.660
9076550,GMP,1,14.00,8014.815
9076550,GLN,4,1.00,41640.590
9076550,GLN,5,7.00,12885.380
9076550,GLE,5,1.00,19003.550
9076550,GLN,6,1.00,1434.380
9076550,GLE,7,4.00,66473.437
9076550,GLE,8,1.00,0.000
9076550,GLN,9,3.00,37953.756
9076550,GLN,10,4.00,42413.112
9076550,GLE,10,10.00,0.000
9076550,GLE,11,1.00,0.000
9076550,GLE,12,1.00,0.000
9076550,GLE,14,6.00,17925.656
9076550,GLN,14,4.00,16933.367
9076550,GLN,17,1.00,0.000
9076550,GLE,18,1.00,5397.630
9076550,GLN,18,2.00,43212.205
9076550,GLE,21,1.00,0.000
9076550,GLE,22,2.00,344.680
9076550,GLN,22,1.00,15312.810
9076550,GLE,23,15.00,2725.912
9076550,GLN,23,8.00,32676.893
9076550,GLE,26,1.00,0.000
9076550,GLE,27,7.00,1635.645
9076550,GLN,27,4.00,6868.890
9076550,GLN,30,1.00,286.880
9076550,GLN,31,4.00,7403.480
9076550,GLE,31,3.00,1925.910
9076550,GLE,32,1.00,13925.320
9076556,GMP,1,1.00,1.550
907655H,GMP,1,6.00,9090.185
907655H,GLE,10,1.00,0.000
907655H,GLE,23,1.00,0.000
907655H,GLN,31,1.00,0.000
9076A01,GLE,27,1.00,0.000
9076LIS,GLE,23,1.00,0.000
907704S,GMP,1,1.00,4.000
907704S,GLN,23,1.00,50.150
907704S,GLE,27,1.00,0.000
907704S,GLE,31,1.00,0.000
907716S,GLN,10,2.00,31.640
907716S,GLN,18,2.00,0.000
9121210,GLE,20,1.00,258600.230
9121621,GLE,10,1.00,0.000
9221120,GLE,14,1.00,5438.290
9221120,GLE,26,1.00,0.000
9221130,GLN,16,1.00,0.000
9221150,GLN,6,1.00,0.000
9221150,GLE,10,2.00,0.000
9221150,GLE,23,1.00,0.000
9221191,GLE,10,1.00,0.000
9221200,GLE,26,1.00,0.000
9221211,GLE,32,1.00,52.970
9309001,GLE,5,1.00,0.000
9309001,GLE,8,1.00,0.000
9309001,GLN,22,3.00,0.000
9309001,GLE,27,5.00,0.000
9309002,GMX,1,97.00,22.419
9309002,GLE,4,2.00,0.000
9309002,GLE,5,4.00,5.260
9309002,GLN,5,16.00,11.991
9309002,GLE,6,1.00,0.000
9309002,GLN,6,3.00,0.000
9309002,GLE,8,4.00,0.000
9309002,GLE,9,6.00,0.000
9309002,GLN,9,1.00,28.540
9309002,GLE,10,16.00,0.000
9309002,GLE,11,1.00,0.000
9309002,GLE,12,2.00,0.000
9309002,GLN,12,1.00,15.330
9309002,GLE,13,1.00,0.000
9309002,GLN,13,1.00,5.840
9309002,GLE,14,7.00,270.191
9309002,GLN,14,7.00,4.754
9309002,GLE,16,3.00,252.053
9309002,GLN,16,2.00,0.000
9309002,GLE,17,9.00,0.000
9309002,GLE,18,1.00,0.000
9309002,GLN,18,7.00,0.000
9309002,GLE,19,4.00,0.315
9309002,GLN,19,4.00,0.000
9309002,GLE,20,2.00,0.000
9309002,GLN,20,3.00,0.000
9309002,GLE,21,5.00,0.000
9309002,GLN,21,4.00,0.000
9309002,GLE,22,7.00,0.000
9309002,GLN,22,2.00,0.000
9309002,GLE,23,30.00,6.364
9309002,GLN,23,4.00,0.000
9309002,GLE,24,1.00,0.000
9309002,GLN,24,3.00,0.000
9309002,GLN,25,12.00,0.000
9309002,GLE,26,2.00,0.000
9309002,GLN,26,1.00,0.000
9309002,GLE,27,13.00,43.385
9309002,GLN,27,9.00,0.000
9309002,GLE,28,3.00,0.000
9309002,GLN,28,1.00,0.000
9309002,GLE,29,1.00,0.000
9309002,GLN,29,1.00,0.000
9309002,GLN,30,2.00,0.000
9309002,GLE,30,1.00,396.120
9309002,GLE,31,4.00,0.000
9309002,GLN,31,1.00,0.000
9309002,GLE,32,6.00,0.000
940110S,GLE,18,2.00,0.000
9401150,GLE,4,3.00,0.000
9401150,GLN,4,2.00,0.000
9401150,GLN,5,1.00,0.000
9401150,GLE,5,22.00,16.016
9401150,GLE,6,3.00,0.000
9401150,GLN,6,3.00,72.000
9401150,GLE,7,2.00,0.000
9401150,GLE,8,10.00,0.000
9401150,GLN,9,2.00,0.000
9401150,GLE,9,4.00,0.000
9401150,GLN,10,11.00,0.000
9401150,GLE,10,40.00,14.838
9401150,GLE,11,3.00,0.000
9401150,GLE,13,4.00,0.000
9401150,GLN,13,3.00,0.000
9401150,GLE,14,26.00,38.464
9401150,GLE,15,3.00,0.000
9401150,GLE,16,3.00,0.000
9401150,GLN,16,1.00,0.000
9401150,GLE,17,2.00,0.000
9401150,GLE,18,40.00,21.167
9401150,GLE,19,1.00,0.000
9401150,GLE,20,1.00,0.000
9401150,GLE,21,1.00,0.000
9401150,GLE,22,69.00,935.463
9401150,GLE,23,37.00,14.103
9401150,GLN,23,1.00,0.000
9401150,GLE,24,5.00,0.000
9401150,GLE,25,1.00,0.000
9401150,GLE,26,1.00,0.000
9401150,GLN,26,1.00,0.000
9401150,GLN,27,1.00,0.000
9401150,GLE,27,26.00,14.153
9401150,GLE,29,1.00,0.000
9401150,GLE,31,6.00,0.000
9401150,GLE,32,1.00,2.320
9401170,GLE,14,1.00,0.000
9401250,GLE,23,1.00,157.220
9401P03,GLE,6,2.00,0.000
9401P03,GLE,7,2.00,0.000
9401P03,GLE,8,1.00,0.000
9401P03,GLE,12,2.00,0.000
9401P03,GLE,14,2.00,0.000
9401P03,GLE,15,1.00,0.000
9401P03,GLE,16,1.00,0.000
9401P03,GLE,17,2.00,0.000
9401P03,GLE,18,3.00,0.000
9401P03,GLE,19,1.00,0.000
9401P03,GLE,20,1.00,0.000
9401P03,GLE,21,3.00,0.000
9401P03,GLE,31,2.00,0.000
9402010,GLE,27,1.00,0.000
9402170,GLE,10,1.00,2507.040
9402170,GLE,23,1.00,0.000
9402200,GMR,1,1.00,4.590
9402200,GLE,4,1.00,1658.190
9402200,GLE,5,1.00,0.000
9402200,GLE,6,8.00,4.050
9402200,GLE,7,1.00,0.000
9402200,GLE,8,6.00,396.373
9402200,GLE,9,4.00,0.000
9402200,GLE,10,20.00,42.009
9402200,GLN,10,1.00,13.520
9402200,GLE,12,4.00,125.365
9402200,GLE,13,3.00,187.140
9402200,GLE,14,6.00,35.366
9402200,GLE,16,6.00,190.591
9402200,GLE,17,12.00,92.377
9402200,GLE,18,11.00,112.676
9402200,GLN,18,2.00,0.000
9402200,GLE,19,1.00,2093.720
9402200,GLE,20,1.00,517.930
9402200,GLE,21,14.00,187.949
9402200,GLN,21,1.00,28.960
9402200,GLN,22,1.00,0.000
9402200,GLE,23,12.00,397.665
9402200,GLN,23,2.00,32.570
9402200,GLE,24,3.00,525.616
9402200,GLN,24,2.00,0.000
9402200,GLE,25,4.00,741.877
9402200,GLE,27,6.00,0.000
9402200,GLE,28,1.00,751.760
9402200,GLN,28,1.00,10.880
9402200,GLE,29,5.00,76.734
9402200,GLE,30,1.00,58.210
9402200,GLE,31,2.00,0.000
9402200,GLE,32,2.00,354.955
940220S,GLE,23,2.00,79.840
9402236,GLE,7,2.00,0.000
9402236,GLE,8,2.00,46.065
9402236,GLE,9,2.00,0.000
9402236,GLE,10,2.00,0.000
9402236,GLE,12,3.00,151.400
9402236,GLE,14,4.00,46.235
9402236,GLE,15,1.00,0.000
9402236,GLE,16,2.00,4.605
9402236,GLE,17,1.00,0.000
9402236,GLE,18,6.00,26.146
9402236,GLE,19,2.00,174.515
9402236,GLE,20,1.00,1385.930
9402236,GLE,21,3.00,46.930
9402236,GLE,22,1.00,241.900
9402236,GLE,23,10.00,151.860
9402236,GLE,25,22.00,72.674
9402236,GLE,27,5.00,50.000
9402236,GLE,31,2.00,274.785
94022FS,GLE,18,1.00,0.000
9402400,GLE,4,2.00,0.000
9402400,GLE,5,8.00,149.192
9402400,GLE,6,6.00,6.680
9402400,GLE,7,6.00,0.000
9402400,GLE,8,6.00,108.031
9402400,GLE,9,3.00,3398.000
9402400,GLE,10,26.00,544.616
9402400,GLN,10,1.00,0.000
9402400,GLE,11,1.00,0.000
9402400,GLE,12,3.00,107.806
9402400,GLE,13,5.00,478.474
9402400,GLE,14,10.00,109.000
9402400,GLE,15,1.00,0.000
9402400,GLE,16,2.00,932.920
9402400,GLE,18,13.00,130.431
9402400,GLE,19,4.00,2766.035
9402400,GLN,19,1.00,19.580
9402400,GLE,20,1.00,0.000
9402400,GLE,21,4.00,710.360
9402400,GLE,22,5.00,367.252
9402400,GLE,23,56.00,184.552
9402400,GLE,24,1.00,0.000
9402400,GLE,25,2.00,0.000
9402400,GLE,27,6.00,275.341
9402400,GLN,27,1.00,44.650
9402400,GLE,29,5.00,301.560
9402400,GLE,30,1.00,0.000
9402400,GLE,31,3.00,623.390
940240E,GLE,5,2.00,0.000
940240E,GLE,6,1.00,0.000
940240E,GLE,8,1.00,0.000
940240E,GLE,9,1.00,0.000
940240E,GLE,10,3.00,0.000
940240E,GLE,11,1.00,563.250
940240E,GLE,14,2.00,0.000
940240E,GLE,15,1.00,0.000
940240E,GLE,17,1.00,1502.160
940240E,GLE,18,1.00,0.000
940240E,GLE,22,1.00,0.000
940240E,GLE,23,2.00,0.000
940240E,GLE,27,1.00,0.000
940240G,GLE,5,2.00,0.000
940240G,GLE,8,2.00,0.000
940240G,GLE,10,1.00,0.000
940240G,GLE,11,1.00,0.000
940240G,GLE,14,2.00,0.000
940240G,GLE,23,2.00,0.000
940240L,GLE,17,1.00,0.000
940240L,GLE,23,1.00,0.000
940240L,GLE,26,1.00,8693.010
940240S,GLE,8,1.00,0.000
940240S,GLE,10,1.00,0.000
940240S,GLE,12,1.00,135.000
940240S,GLE,14,1.00,0.000
940240S,GLE,15,1.00,0.000
940240S,GLE,18,1.00,0.000
940240S,GLN,20,1.00,0.000
940240S,GLE,31,1.00,124.090
940242E,GLE,12,1.00,0.000
940242E,GLE,14,1.00,0.000
940242E,GLE,16,1.00,186.820
940242E,GLE,17,2.00,0.000
940242E,GLE,18,3.00,0.000
940242E,GLE,19,1.00,761.410
940242E,GLE,20,1.00,555.110
940242E,GLE,21,4.00,381.872
940242E,GLE,23,9.00,0.000
940242E,GLE,24,1.00,3787.500
940242E,GLE,27,3.00,0.000
940242G,GLE,5,1.00,0.000
940242G,GLE,6,1.00,0.000
940242G,GLE,7,1.00,0.000
940242G,GLE,9,1.00,0.000
940242G,GLE,10,1.00,2497.820
940242G,GLE,13,1.00,0.000
940242G,GLE,15,1.00,0.000
940242G,GLE,16,1.00,1192.670
940242G,GLE,18,1.00,0.000
940242G,GLE,23,8.00,0.000
940242G,GLE,27,2.00,0.000
940242L,GLE,23,1.00,0.000
9402436,GMR,1,1.00,0.010
9402436,GLE,5,1.00,130.530
9402436,GLE,8,1.00,124.890
9402436,GLE,10,6.00,86.260
9402436,GLE,12,8.00,110.231
9402436,GLE,13,1.00,0.000
9402436,GLE,14,15.00,84.670
9402436,GLE,17,1.00,0.000
9402436,GLE,18,4.00,108.482
9402436,GLE,19,1.00,0.000
9402436,GLE,21,3.00,35.853
9402436,GLE,23,10.00,122.290
9402436,GLE,25,3.00,867.156
9402436,GLE,27,3.00,66.883
9402436,GLE,29,1.00,0.000
9402436,GLE,30,1.00,0.000
94024HE,GLE,18,1.00,0.000
94024HG,GLE,14,1.00,0.000
94024HG,GLE,27,1.00,0.000
94024HS,GLE,14,1.00,0.000
94024HS,GLE,18,2.00,0.000
94024HS,GLE,26,1.00,1150.380
94024SE,GLE,14,1.00,0.000
94024SE,GLE,18,1.00,0.000
94024SG,GLE,27,1.00,0.000
94024SL,GLE,23,1.00,0.000
94024SS,GLE,8,1.00,0.000
94024SS,GLE,10,1.00,0.000
94024SS,GLE,14,1.00,176.620
94024SS,GLE,23,2.00,0.000
94024SS,GLE,31,1.00,0.000
9402600,GMR,1,4.00,96.822
9402600,GLE,6,2.00,0.000
9402600,GLN,11,1.00,111.170
9402600,GLN,18,1.00,0.000
9402600,GLE,19,1.00,548.330
9402600,GLE,23,3.00,0.000
9402600,GLN,26,1.00,0.000
9402600,GLE,27,2.00,81.365
9402600,GLE,29,1.00,0.000
9402620,GMR,1,1.00,0.000
9402620,GLE,6,2.00,0.000
9402620,GLE,23,7.00,0.000
9402720,GMR,1,3.00,2492.170
9402720,GLE,5,1.00,0.000
9402720,GLE,10,1.00,0.000
9402720,GLN,15,1.00,0.000
9402720,GLE,23,3.00,0.000
9402720,GLN,23,1.00,0.000
9402720,GLE,27,5.00,264.720
9402720,GLE,31,1.00,0.000
9402720,GLN,31,1.00,0.000
9402820,GLE,7,1.00,0.000
9402A02,GLE,21,1.00,0.000
9402C04,GLE,10,1.00,0.000
9402D02,GLE,22,1.00,0.000
9402D04,GLE,10,5.00,0.000
9402D04,GLE,18,1.00,0.000
9402D04,GLE,28,1.00,0.000
9402E02,GLE,14,1.00,0.000
9402E02,GLE,23,10.00,0.000
9402E04,GLE,4,1.00,0.000
9402E04,GLE,10,1.00,0.000
9402E04,GLE,23,1.00,0.000
9402E04,GLE,24,1.00,0.000
9402F02,GLE,18,1.00,376.640
9402F02,GLE,19,1.00,786.150
9402F02,GLE,21,1.00,36.000
9402F02,GLE,22,1.00,354.480
9402F04,GLE,14,1.00,804.760
9402F04,GLE,23,1.00,0.000
9402F04,GLE,27,1.00,0.000
9402S20,GMR,1,1.00,0.010
9402UPG,GLE,16,1.00,0.000
9402Y10,GLE,18,2.00,0.000
9402Y10,GLE,23,1.00,0.000
9404200,GLE,13,1.00,1303.810
9404200,GLE,24,1.00,0.000
9404400,GLE,5,1.00,0.000
9404400,GLE,10,1.00,0.000
9404400,GLE,11,1.00,0.000
9404400,GLE,14,1.00,0.010
9404400,GLE,18,1.00,0.000
9404400,GLE,27,1.00,119.700
9404600,GMM,1,1.00,7.170
9404620,GLE,23,2.00,0.000
9404620,GLE,31,1.00,0.000
9404720,GMR,1,3.00,408.573
9404720,GLE,23,1.00,773.780
9404730,GMR,1,1.00,0.170
9404820,GLN,11,1.00,0.000
9404B10,GLE,8,1.00,0.000
9404B10,GLE,9,1.00,0.000
9404B10,GLE,21,1.00,0.000
9404B10,GLE,23,1.00,0.000
9404B20,GLE,9,1.00,0.000
9404B20,GLE,14,1.00,0.000
9404C10,GLE,14,1.00,0.000
9404C10,GLE,18,1.00,1721.710
9404C10,GLE,22,1.00,0.000
9404C10,GLE,23,2.00,0.000
9404C10,GLE,27,1.00,0.000
9404C10,GLE,29,1.00,0.000
9404C10,GLE,31,1.00,0.000
9404C20,GLE,20,1.00,0.000
9404C20,GLE,22,1.00,2981.940
9404C20,GLE,23,2.00,0.000
9404C25,GLE,23,2.00,0.000
9404D10,GLE,7,1.00,0.000
9404D10,GLE,9,1.00,0.000
9404D10,GLE,14,1.00,0.000
9404D10,GLE,18,1.00,0.000
9404D10,GLE,21,1.00,0.000
9404D10,GLE,22,1.00,1775.030
9404D10,GLE,30,1.00,0.000
9404D20,GLE,8,2.00,0.000
9404D20,GLE,21,1.00,2933.630
9404D20,GLE,24,1.00,0.000
9404D25,GLE,7,1.00,0.000
9404E10,GLE,6,1.00,0.000
9404E10,GLE,7,5.00,0.000
9404E10,GLE,9,1.00,872.190
9404E10,GLE,10,11.00,0.000
9404E10,GLE,14,1.00,0.000
9404E10,GLE,18,2.00,0.000
9404E10,GLE,20,3.00,0.000
9404E10,GLE,21,1.00,0.000
9404E10,GLE,22,4.00,0.000
9404E10,GLE,23,3.00,379.740
9404E10,GLN,23,1.00,0.000
9404E10,GLE,26,1.00,212.040
9404E10,GLE,27,1.00,0.000
9404E20,GLE,15,1.00,5023.190
9404E20,GLE,21,1.00,12282.680
9404E20,GLE,23,3.00,0.000
9404E20,GLE,32,1.00,0.000
9404E25,GLE,29,1.00,0.000
9404F10,GLE,8,2.00,0.000
9404F10,GLE,9,1.00,0.000
9404F10,GLE,10,2.00,0.000
9404F10,GLE,11,1.00,0.000
9404F10,GLE,12,3.00,0.000
9404F10,GLE,16,1.00,681.740
9404F10,GLE,18,2.00,349.465
9404F10,GLE,20,3.00,707.856
9404F10,GLE,23,7.00,174.282
9404F10,GLE,26,2.00,726.620
9404F10,GLE,27,1.00,0.000
9404F10,GLE,28,1.00,1012.080
9404F10,GLN,30,1.00,0.000
9404F10,GLE,31,1.00,0.000
9404F20,GLE,5,1.00,255.910
9404F20,GLE,14,1.00,2347.840
9404F20,GLE,22,1.00,2469.930
9404F20,GLE,23,1.00,0.000
9404F20,GLE,31,2.00,954.310
9406001,GLE,31,2.00,208.775
9406150,GLE,5,1.00,20.470
9406170,GMM,1,118.00,380.845
9406170,GMR,1,71.00,1105.609
9406170,GLN,4,8.00,1622.161
9406170,GLE,4,12.00,123.031
9406170,GLN,5,17.00,1197.039
9406170,GLE,5,111.00,646.744
9406170,GLN,6,6.00,2098.541
9406170,GLE,6,8.00,602.426
9406170,GLN,7,4.00,812.180
9406170,GLE,7,23.00,581.888
9406170,GLN,8,4.00,2017.062
9406170,GLE,8,10.00,407.753
9406170,GLN,9,2.00,215.025
9406170,GLE,9,13.00,1211.902
9406170,GLN,10,25.00,1284.272
9406170,GLE,10,283.00,183.269
9406170,GLE,11,11.00,512.194
9406170,GLN,12,2.00,1498.320
9406170,GLE,12,12.00,185.993
9406170,GLN,13,2.00,1701.630
9406170,GLE,13,6.00,8.785
9406170,GLN,14,41.00,1567.876
9406170,GLE,14,79.00,424.511
9406170,GLN,15,8.00,1087.518
9406170,GLE,15,8.00,510.268
9406170,GLN,16,5.00,2190.436
9406170,GLE,16,15.00,482.977
9406170,GLN,17,6.00,816.645
9406170,GLE,17,4.00,53.120
9406170,GLN,18,5.00,808.616
9406170,GLE,18,52.00,420.519
9406170,GLN,19,7.00,1042.737
9406170,GLE,19,12.00,1800.971
9406170,GLN,20,6.00,396.246
9406170,GLE,20,12.00,21.554
9406170,GLE,21,11.00,373.923
9406170,GLN,21,2.00,980.205
9406170,GLN,22,2.00,1220.560
9406170,GLE,22,65.00,1254.970
9406170,GLE,23,252.00,265.969
9406170,GLN,23,35.00,1195.455
9406170,GLN,24,3.00,1061.513
9406170,GLE,24,28.00,592.751
9406170,GLE,25,1.00,0.000
9406170,GLE,26,13.00,332.645
9406170,GLN,26,5.00,2532.884
9406170,GLN,27,6.00,1207.298
9406170,GLE,27,115.00,478.540
9406170,GLE,28,3.00,284.640
9406170,GLN,28,7.00,764.447
9406170,GLN,29,4.00,310.720
9406170,GLE,29,17.00,706.799
9406170,GLE,30,6.00,126.690
9406170,GLN,30,3.00,0.000
9406170,GLN,31,6.00,679.146
9406170,GLE,31,49.00,191.132
9406170,GLE,32,27.00,1171.641
9406170,GLN,32,1.00,0.000
9406179,GLE,10,1.00,106.430
940617H,GMM,1,11.00,277.794
9406250,GMM,1,2.00,613.310
9406250,GMR,1,3.00,1084.706
9406250,GLE,5,3.00,460.196
9406250,GLN,8,1.00,4648.940
9406250,GLE,9,1.00,0.000
9406250,GLE,10,10.00,522.868
9406250,GLN,11,1.00,1255.920
9406250,GLE,12,1.00,1234.290
9406250,GLN,13,1.00,2087.390
9406250,GLE,14,6.00,398.396
9406250,GLN,14,1.00,2051.770
9406250,GLN,15,1.00,1570.520
9406250,GLE,16,1.00,610.770
9406250,GLE,18,17.00,253.701
9406250,GLE,19,1.00,1628.630
9406250,GLE,21,1.00,0.000
9406250,GLE,22,2.00,1008.540
9406250,GLN,22,1.00,1560.600
9406250,GLE,23,32.00,466.569
9406250,GLN,23,14.00,2207.206
9406250,GLE,24,4.00,918.365
9406250,GLN,24,1.00,2587.570
9406250,GLN,25,3.00,1912.783
9406250,GLE,26,1.00,803.890
9406250,GLE,27,18.00,211.582
9406250,GLE,28,1.00,1068.090
9406250,GLN,28,1.00,945.220
9406250,GLE,29,4.00,1204.882
9406250,GLN,29,2.00,1475.590
9406250,GLN,30,1.00,945.220
9406250,GLE,31,8.00,838.962
9406250,GLN,32,2.00,2225.395
9406250,GLE,32,1.00,1857.390
9406270,GMM,1,27.00,1244.577
9406270,GMR,1,64.00,3692.106
9406270,GLN,4,13.00,5229.397
9406270,GLE,5,32.00,3321.126
9406270,GLN,5,10.00,4556.098
9406270,GLE,6,2.00,2634.425
9406270,GLN,6,10.00,4042.663
9406270,GLE,7,1.00,0.000
9406270,GLN,7,7.00,6277.667
9406270,GLE,8,3.00,2827.860
9406270,GLN,8,14.00,7089.793
9406270,GLE,9,3.00,772.140
9406270,GLN,9,4.00,6031.787
9406270,GLE,10,76.00,3781.758
9406270,GLN,10,10.00,5550.395
9406270,GLE,11,2.00,2536.865
9406270,GLN,11,14.00,6747.376
9406270,GLN,12,11.00,3961.906
9406270,GLN,13,5.00,8038.428
9406270,GLE,14,43.00,2043.010
9406270,GLN,14,15.00,6922.007
9406270,GLE,15,2.00,2734.035
9406270,GLN,15,14.00,4252.628
9406270,GLE,16,4.00,2405.890
9406270,GLN,16,7.00,2579.994
9406270,GLE,17,4.00,2772.277
9406270,GLN,17,8.00,4724.877
9406270,GLE,18,60.00,2306.559
9406270,GLN,18,13.00,4552.243
9406270,GLE,19,11.00,2809.257
9406270,GLN,19,9.00,5124.478
9406270,GLE,20,7.00,2054.391
9406270,GLN,20,13.00,3959.416
9406270,GLE,21,6.00,1574.478
9406270,GLN,21,8.00,4846.286
9406270,GLE,22,9.00,3451.114
9406270,GLN,22,9.00,4851.418
9406270,GLE,23,173.00,1865.239
9406270,GLN,23,27.00,4335.097
9406270,GLE,24,6.00,1724.353
9406270,GLN,24,9.00,7233.731
9406270,GLE,25,18.00,2159.697
9406270,GLN,25,11.00,5139.870
9406270,GLE,26,2.00,2427.920
9406270,GLN,26,11.00,3620.197
9406270,GLE,27,85.00,1975.311
9406270,GLN,27,12.00,4738.213
9406270,GLE,28,7.00,2500.768
9406270,GLN,28,3.00,6891.743
9406270,GLE,29,7.00,4375.967
9406270,GLN,29,7.00,5490.007
9406270,GLE,30,5.00,644.968
9406270,GLN,30,5.00,4590.688
9406270,GLE,31,41.00,2649.424
9406270,GLN,31,13.00,4947.238
9406270,GLE,32,10.00,4668.242
9406270,GLN,32,12.00,5958.194
940627H,GMM,1,8.00,959.088
9406300,GMR,1,1.00,0.010
9406300,GLE,4,1.00,0.000
9406300,GLE,5,2.00,0.000
9406300,GLN,5,1.00,0.000
9406300,GLE,7,2.00,0.000
9406300,GLE,8,5.00,0.000
9406300,GLE,9,2.00,2705.710
9406300,GLE,10,2.00,0.000
9406300,GLE,11,3.00,0.000
9406300,GLE,12,3.00,740.823
9406300,GLE,13,2.00,2208.795
9406300,GLE,14,3.00,0.000
9406300,GLE,16,2.00,1.610
9406300,GLE,17,3.00,1269.643
9406300,GLN,17,1.00,0.000
9406300,GLN,18,1.00,0.000
9406300,GLE,18,2.00,85.160
9406300,GLE,19,1.00,0.000
9406300,GLE,20,1.00,0.000
9406300,GLE,21,1.00,5965.030
9406300,GLN,21,1.00,0.000
9406300,GLE,22,3.00,1118.073
9406300,GLE,23,8.00,282.373
9406300,GLE,24,2.00,7494.095
9406300,GLE,26,1.00,0.000
9406300,GLE,27,1.00,314.130
9406300,GLE,28,2.00,0.000
9406300,GLE,29,1.00,198.160
9406300,GLE,31,3.00,378.876
9406300,GLE,32,1.00,996.600
940630S,GLE,6,1.00,0.000
940630S,GLE,8,1.00,0.000
940630S,GLE,15,1.00,0.000
940630S,GLE,23,1.00,0.000
9406310,GLE,5,1.00,0.000
9406310,GLE,6,1.00,0.000
9406310,GLE,9,1.00,0.000
9406310,GLE,10,4.00,0.172
9406310,GLE,12,2.00,133.275
9406310,GLE,14,1.00,0.000
9406310,GLE,15,1.00,0.000
9406310,GLE,16,1.00,0.000
9406310,GLE,18,1.00,0.000
9406310,GLE,20,1.00,29538.080
9406310,GLE,21,2.00,0.000
9406310,GLE,22,1.00,0.000
9406310,GLE,23,6.00,289.495
9406310,GLE,24,2.00,0.000
9406310,GLE,25,1.00,0.000
9406310,GLE,26,1.00,0.000
9406310,GLE,27,1.00,0.000
9406310,GLE,29,2.00,2498.325
9406310,GLE,32,1.00,0.000
9406320,GLE,5,1.00,0.000
9406320,GLE,10,2.00,0.000
9406320,GLE,14,1.00,0.000
9406320,GLE,19,1.00,0.000
9406320,GLE,23,2.00,0.000
9406400,GLE,27,1.00,4207.990
9406500,GLE,4,1.00,0.000
9406500,GLE,5,4.00,144.600
9406500,GLE,6,3.00,0.000
9406500,GLE,7,2.00,0.000
9406500,GLE,8,2.00,0.000
9406500,GLN,8,1.00,0.000
9406500,GLE,9,3.00,0.000
9406500,GLE,10,10.00,66.782
9406500,GLE,11,4.00,51.652
9406500,GLE,12,1.00,0.000
9406500,GLE,14,6.00,0.000
9406500,GLE,15,1.00,0.000
9406500,GLE,16,3.00,1645.066
9406500,GLE,17,1.00,3.380
9406500,GLE,18,5.00,464.430
9406500,GLE,19,1.00,0.000
9406500,GLE,20,1.00,693.270
9406500,GLE,21,6.00,821.236
9406500,GLE,23,11.00,57.540
9406500,GLE,24,1.00,0.000
9406500,GLE,25,2.00,0.000
9406500,GLE,27,5.00,0.000
9406500,GLE,28,1.00,0.000
9406500,GLE,29,1.00,0.000
9406500,GLE,31,1.00,0.000
940650S,GLE,4,1.00,2744.380
940650S,GLE,8,1.00,3931.740
940650S,GLE,10,3.00,0.000
940650S,GLE,13,1.00,0.000
940650S,GLN,14,1.00,199.150
940650S,GLE,18,1.00,0.000
940650S,GLE,21,1.00,1187.340
940650S,GLE,23,1.00,0.000
940650S,GLE,27,1.00,15.750
940650S,GLE,30,1.00,1320.300
940650S,GLE,31,1.00,0.000
9406510,GMR,1,1.00,0.010
9406510,GLE,5,2.00,594.900
9406510,GLE,6,1.00,0.000
9406510,GLE,9,1.00,0.000
9406510,GLE,10,4.00,0.000
9406510,GLE,11,1.00,0.000
9406510,GLE,12,1.00,5000.820
9406510,GLE,13,1.00,0.000
9406510,GLE,14,2.00,1371.580
9406510,GLE,16,1.00,0.000
9406510,GLE,18,5.00,2615.326
9406510,GLE,23,6.00,1821.948
9406510,GLE,25,1.00,1434.970
9406510,GLE,27,1.00,2585.950
9406510,GLE,29,1.00,0.000
9406510,GLE,31,2.00,0.000
9406510,GLE,32,2.00,0.010
9406520,GLE,27,1.00,0.000
9406530,GLN,5,1.00,0.000
9406530,GLE,8,2.00,0.000
9406530,GLE,9,2.00,0.000
9406530,GLE,10,6.00,0.000
9406530,GLE,12,1.00,0.000
9406530,GLE,14,1.00,0.000
9406530,GLN,15,1.00,0.000
9406530,GLE,17,2.00,13300.100
9406530,GLE,18,2.00,12562.055
9406530,GLE,20,1.00,2313.680
9406530,GLE,23,4.00,0.000
9406530,GLE,26,1.00,0.000
940653S,GLE,7,1.00,0.000
940653S,GLE,8,1.00,0.000
940653S,GLE,9,1.00,0.000
940653S,GLE,10,1.00,2461.960
940653S,GLE,12,1.00,0.000
940653S,GLE,18,2.00,1986.575
9406600,GMM,1,1.00,46.000
9406600,GMR,1,1.00,0.000
9406600,GLE,4,1.00,6025.780
9406600,GLE,5,8.00,154.657
9406600,GLN,5,1.00,129.090
9406600,GLE,6,1.00,2241.120
9406600,GLE,7,2.00,0.000
9406600,GLE,8,1.00,0.000
9406600,GLE,9,5.00,1059.892
9406600,GLE,10,9.00,926.745
9406600,GLN,10,1.00,129.090
9406600,GLE,11,5.00,981.008
9406600,GLN,11,1.00,0.000
9406600,GLE,12,5.00,579.410
9406600,GLN,12,1.00,117.740
9406600,GLE,13,1.00,2639.730
9406600,GLE,14,12.00,338.591
9406600,GLN,14,1.00,139.460
9406600,GLN,15,1.00,0.000
9406600,GLE,16,5.00,1167.880
9406600,GLN,16,1.00,129.090
9406600,GLE,17,6.00,1828.340
9406600,GLE,18,8.00,826.056
9406600,GLE,19,4.00,879.832
9406600,GLE,20,2.00,2531.930
9406600,GLE,21,10.00,1547.141
9406600,GLE,22,8.00,1602.956
9406600,GLE,23,37.00,471.099
9406600,GLE,25,1.00,282.160
9406600,GLE,26,2.00,1805.425
9406600,GLE,27,12.00,171.011
9406600,GLE,28,2.00,196.860
9406600,GLN,28,1.00,0.000
9406600,GLE,29,2.00,988.740
9406600,GLE,30,1.00,0.000
9406600,GLE,31,6.00,811.301
9406600,GLE,32,3.00,476.426
9406600,GLN,32,1.00,0.000
9406620,GMM,1,1.00,5721.320
9406620,GMR,1,19.00,665.237
9406620,GLN,4,1.00,129.090
9406620,GLE,4,1.00,0.000
9406620,GLE,5,5.00,0.000
9406620,GLN,5,2.00,769.825
9406620,GLE,6,1.00,0.000
9406620,GLE,7,7.00,2512.901
9406620,GLN,7,1.00,0.000
9406620,GLE,8,1.00,0.000
9406620,GLE,9,2.00,0.000
9406620,GLE,10,20.00,2951.205
9406620,GLN,10,1.00,194.540
9406620,GLE,11,2.00,15655.625
9406620,GLE,12,1.00,0.000
9406620,GLN,12,2.00,0.000
9406620,GLN,13,1.00,0.000
9406620,GLE,13,5.00,7550.446
9406620,GLE,14,8.00,663.082
9406620,GLN,14,1.00,129.090
9406620,GLN,15,2.00,0.000
9406620,GLE,16,3.00,5685.760
9406620,GLE,17,3.00,4142.050
9406620,GLN,17,1.00,653.920
9406620,GLN,18,4.00,43.425
9406620,GLE,18,8.00,5486.817
9406620,GLE,19,2.00,1832.400
9406620,GLN,19,1.00,0.000
9406620,GLE,20,4.00,847.662
9406620,GLE,21,7.00,6393.495
9406620,GLN,21,2.00,0.000
9406620,GLN,22,1.00,295.330
9406620,GLE,22,3.00,9619.313
9406620,GLE,23,30.00,1345.976
9406620,GLN,23,2.00,138.245
9406620,GLN,24,1.00,111.170
9406620,GLE,25,6.00,4402.625
9406620,GLE,26,1.00,0.000
9406620,GLE,27,11.00,164.580
9406620,GLN,27,1.00,0.000
9406620,GLN,28,1.00,184.400
9406620,GLE,28,1.00,0.000
9406620,GLE,29,2.00,0.000
9406620,GLN,30,1.00,0.000
9406620,GLN,31,1.00,129.090
9406620,GLE,31,7.00,1704.897
9406620,GLE,32,2.00,691.195
9406640,GMR,1,1.00,1134.670
9406640,GLE,5,1.00,0.000
9406640,GLE,6,1.00,0.000
9406640,GLN,9,1.00,1242.420
9406640,GLE,10,2.00,0.000
9406640,GLN,10,2.00,94.410
9406640,GLE,12,1.00,0.000
9406640,GLN,12,1.00,387.250
9406640,GLN,14,1.00,0.000
9406640,GLN,16,1.00,790.160
9406640,GLE,23,3.00,28914.936
9406640,GLE,24,1.00,0.000
9406640,GLE,25,1.00,0.000
9406640,GLE,27,1.00,35872.220
9406640,GLN,27,2.00,0.000
9406640,GLE,28,1.00,0.000
9406650,GLN,15,1.00,0.000
9406650,GLN,23,1.00,3869.930
9406710,GLE,14,1.00,0.000
9406710,GLE,27,1.00,51.330
9406720,GMM,1,98.00,2847.309
9406720,GMR,1,159.00,4226.118
9406720,GLE,4,5.00,6846.018
9406720,GLN,4,1.00,1608.480
9406720,GLE,5,28.00,1764.645
9406720,GLN,5,7.00,7724.581
9406720,GLE,6,6.00,373.943
9406720,GLE,7,3.00,2956.680
9406720,GLN,7,6.00,8935.290
9406720,GLN,8,3.00,3084.636
9406720,GLE,8,7.00,5800.220
9406720,GLE,9,4.00,268.677
9406720,GLN,9,3.00,4550.966
9406720,GLN,10,8.00,24524.183
9406720,GLE,10,43.00,1897.971
9406720,GLE,11,9.00,2316.772
9406720,GLN,11,3.00,5413.200
9406720,GLN,12,2.00,1237.990
9406720,GLE,12,8.00,2464.067
9406720,GLE,13,11.00,3345.781
9406720,GLN,13,5.00,4228.272
9406720,GLN,14,10.00,10457.010
9406720,GLE,14,29.00,1500.392
9406720,GLE,15,1.00,1597.970
9406720,GLN,15,3.00,1310.723
9406720,GLN,16,3.00,1847.133
9406720,GLE,16,7.00,713.860
9406720,GLN,17,9.00,9395.947
9406720,GLN,18,6.00,10666.935
9406720,GLE,18,27.00,1848.562
9406720,GLE,19,5.00,2291.340
9406720,GLN,19,1.00,4759.740
9406720,GLN,20,2.00,11646.195
9406720,GLE,20,4.00,2105.437
9406720,GLE,21,8.00,2886.568
9406720,GLN,21,3.00,5468.400
9406720,GLN,22,4.00,13862.705
9406720,GLE,22,4.00,1670.740
9406720,GLE,23,96.00,1221.069
9406720,GLN,23,10.00,3237.489
9406720,GLN,24,5.00,1314.436
9406720,GLE,24,9.00,3031.202
9406720,GLE,25,3.00,991.310
9406720,GLN,25,2.00,6005.280
9406720,GLN,26,4.00,1414.195
9406720,GLE,26,6.00,3695.036
9406720,GLN,27,12.00,7620.880
9406720,GLE,27,90.00,940.788
9406720,GLN,28,3.00,1514.413
9406720,GLE,28,1.00,2392.310
9406720,GLN,29,2.00,18979.705
9406720,GLE,29,4.00,3299.262
9406720,GLN,30,5.00,1704.508
9406720,GLE,30,4.00,1833.560
9406720,GLN,31,4.00,2634.850
9406720,GLE,31,20.00,2519.482
9406720,GLN,32,2.00,4559.515
9406720,GLE,32,2.00,960.340
940672H,GMM,1,29.00,1091.163
9406730,GMM,1,38.00,11042.036
9406730,GMR,1,96.00,14600.910
9406730,GLE,4,1.00,4246.140
9406730,GLN,5,1.00,9694.180
9406730,GLE,6,3.00,454.723
9406730,GLE,10,3.00,75.900
9406730,GLE,11,2.00,4580.575
9406730,GLN,12,1.00,542.570
9406730,GLE,14,5.00,14272.360
9406730,GLN,14,4.00,53768.670
9406730,GLE,15,1.00,0.000
9406730,GLN,15,1.00,0.000
9406730,GLE,17,1.00,6983.270
9406730,GLN,17,1.00,0.000
9406730,GLE,19,1.00,4312.750
9406730,GLN,19,1.00,6755.150
9406730,GLE,20,1.00,4674.940
9406730,GLN,20,2.00,9435.690
9406730,GLE,21,1.00,0.000
9406730,GLN,21,6.00,3707.056
9406730,GLE,22,1.00,9116.630
9406730,GLN,22,2.00,322.710
9406730,GLE,23,19.00,6496.940
9406730,GLE,24,2.00,13256.035
9406730,GLE,26,1.00,11436.820
9406730,GLN,26,1.00,0.000
9406730,GLE,27,3.00,1456.933
9406730,GLN,27,2.00,10024.920
9406730,GLN,28,1.00,4121.180
9406730,GLN,29,2.00,12438.210
9406730,GLE,30,1.00,3182.490
9406730,GLE,31,1.00,493.590
9406730,GLN,31,1.00,1736.160
9406730,GLN,32,2.00,29027.015
940673H,GMM,1,2.00,1065.730
9406740,GMM,1,2.00,31972.565
9406740,GMR,1,9.00,47531.920
9406740,GLE,8,1.00,34384.240
9406740,GLE,10,2.00,0.000
9406740,GLN,14,1.00,123792.390
9406740,GLN,16,1.00,113502.870
9406740,GLN,18,2.00,66389.585
9406740,GLN,23,2.00,27390.085
9406740,GLE,23,3.00,0.000
9406740,GLE,26,1.00,25777.900
9406740,GLN,26,1.00,84353.880
9406740,GLN,27,1.00,0.000
94067XX,GLE,18,1.00,3644.600
9406820,GMM,1,8.00,3750.145
9406820,GMR,1,70.00,19476.671
9406820,GLN,4,2.00,13052.610
9406820,GLN,5,2.00,14942.995
9406820,GLE,5,5.00,4981.754
9406820,GLE,6,3.00,6816.246
9406820,GLN,6,2.00,3099.870
9406820,GLN,7,5.00,44793.496
9406820,GLE,7,1.00,0.000
9406820,GLE,8,1.00,7069.600
9406820,GLN,8,5.00,29210.130
9406820,GLN,9,5.00,15872.792
9406820,GLE,9,2.00,0.000
9406820,GLE,10,11.00,4636.894
9406820,GLN,10,6.00,12728.000
9406820,GLE,11,2.00,50298.815
9406820,GLN,11,4.00,30049.192
9406820,GLE,12,3.00,5251.370
9406820,GLN,12,2.00,11989.625
9406820,GLE,13,4.00,6615.377
9406820,GLE,14,16.00,8620.720
9406820,GLN,14,11.00,24242.068
9406820,GLE,15,2.00,9953.400
9406820,GLN,15,2.00,17793.245
9406820,GLN,16,4.00,39229.115
9406820,GLN,17,1.00,692.170
9406820,GLE,18,14.00,11633.487
9406820,GLN,18,11.00,28353.005
9406820,GLE,19,9.00,11945.658
9406820,GLN,19,2.00,34212.625
9406820,GLE,20,4.00,12943.932
9406820,GLN,20,2.00,25263.585
9406820,GLE,21,9.00,4141.838
9406820,GLN,21,8.00,25114.655
9406820,GLE,22,6.00,6647.630
9406820,GLN,22,7.00,13616.608
9406820,GLE,23,61.00,7906.360
9406820,GLN,23,28.00,20372.181
9406820,GLE,24,13.00,12179.193
9406820,GLN,24,3.00,19821.516
9406820,GLE,25,6.00,8614.258
9406820,GLN,25,9.00,10776.708
9406820,GLE,26,4.00,1775.022
9406820,GLN,26,2.00,8835.300
9406820,GLE,27,47.00,6905.177
9406820,GLN,27,9.00,27287.060
9406820,GLE,28,6.00,13325.995
9406820,GLE,29,5.00,7720.996
9406820,GLN,29,2.00,10171.550
9406820,GLE,30,1.00,10006.930
9406820,GLN,30,3.00,14122.686
9406820,GLE,31,23.00,5124.217
9406820,GLN,31,9.00,11984.873
9406820,GLE,32,3.00,2377.596
9406820,GLN,32,4.00,30034.610
9406830,GMR,1,11.00,80982.279
9406830,GLN,5,4.00,17211.742
9406830,GLN,6,1.00,32093.460
9406830,GLN,8,2.00,79718.835
9406830,GLN,9,4.00,92004.950
9406830,GLE,9,1.00,0.000
9406830,GLN,10,1.00,42097.320
9406830,GLE,10,5.00,2477.560
9406830,GLE,11,3.00,22989.783
9406830,GLN,13,3.00,20350.720
9406830,GLN,14,4.00,26459.640
9406830,GLE,14,2.00,8882.455
9406830,GLE,17,1.00,84161.200
9406830,GLN,17,1.00,0.000
9406830,GLE,18,1.00,18925.320
9406830,GLN,18,2.00,51260.580
9406830,GLE,19,1.00,13557.980
9406830,GLN,19,1.00,36657.230
9406830,GLN,20,1.00,0.000
9406830,GLE,21,1.00,44165.310
9406830,GLN,21,3.00,59384.110
9406830,GLE,22,1.00,29988.800
9406830,GLN,22,7.00,10924.020
9406830,GLE,23,12.00,13065.927
9406830,GLN,23,8.00,50151.333
9406830,GLE,24,2.00,23971.500
9406830,GLN,24,1.00,116109.310
9406830,GLN,25,1.00,208650.060
9406830,GLN,26,1.00,0.000
9406830,GLE,27,3.00,34955.310
9406830,GLN,27,2.00,55319.330
9406830,GLN,29,2.00,12054.670
9406830,GLE,31,3.00,48564.710
9406830,GLN,31,1.00,0.000
9406830,GLE,32,1.00,0.000
9406840,GMM,1,2.00,175868.000
9406840,GMR,1,5.00,658769.490
9406840,GLN,5,1.00,245506.010
9406840,GLN,8,1.00,131260.040
9406840,GLN,9,1.00,0.000
9406840,GLN,11,1.00,97508.610
9406840,GLN,13,2.00,119299.455
9406840,GLN,14,2.00,0.000
9406840,GLN,22,1.00,143791.520
9406840,GLE,23,3.00,13426.350
9406840,GLN,23,1.00,206274.770
9406840,GLE,27,1.00,0.000
9406840,GLN,27,1.00,6299.530
9406840,GLN,28,1.00,0.000
9406B30,GLE,15,1.00,0.000
9406B30,GLE,17,1.00,0.000
9406B30,GLE,21,1.00,0.000
9406B30,GLE,23,2.00,0.000
9406B35,GLE,5,1.00,0.000
9406B35,GLE,9,1.00,0.000
9406B35,GLE,10,1.00,0.000
9406B35,GLE,12,1.00,0.000
9406B35,GLE,14,1.00,0.000
9406B35,GLE,16,1.00,0.000
9406B35,GLE,23,1.00,0.000
9406B40,GLE,9,1.00,0.000
9406B40,GLE,22,1.00,0.000
9406B40,GLE,23,1.00,0.000
9406B40,GLE,30,1.00,17295.490
9406B45,GLE,9,2.00,0.000
9406B45,GLE,10,2.00,0.000
9406B45,GLE,12,1.00,0.000
9406B45,GLE,14,1.00,0.000
9406B45,GLE,23,1.00,0.000
9406B50,GLE,21,1.00,21727.930
9406B50,GLE,23,1.00,0.000
9406B60,GLE,23,2.00,0.000
9406B70,GLE,18,1.00,0.000
9406D35,GLE,9,1.00,5603.650
9406D45,GLE,5,2.00,0.000
9406D45,GLE,8,1.00,0.000
9406D45,GLE,14,1.00,0.000
9406D45,GLE,18,1.00,0.000
9406D45,GLE,23,2.00,173.200
9406D45,GLE,24,1.00,0.000
9406D50,GLE,11,1.00,0.000
9406D50,GLE,23,2.00,22.365
9406D50,GLE,27,1.00,0.000
9406D60,GLE,9,1.00,0.000
9406D60,GLE,10,1.00,0.000
9406D60,GLE,23,2.00,0.000
9406E35,GLE,10,3.00,175.746
9406E35,GLE,18,1.00,2486.890
9406E35,GLE,22,1.00,0.000
9406E35,GLE,27,1.00,0.000
9406E45,GLE,5,1.00,0.000
9406E45,GLE,10,1.00,0.000
9406E45,GLE,18,1.00,0.000
9406E45,GLE,21,1.00,0.000
9406E45,GLE,23,1.00,0.000
9406E50,GLE,10,3.00,0.000
9406E50,GLE,12,1.00,0.000
9406E50,GLE,19,1.00,45.940
9406E50,GLE,22,1.00,6726.010
9406E50,GLE,23,2.00,0.000
9406E60,GLE,22,2.00,0.000
9406E60,GLE,23,3.00,27.810
9406E70,GLE,21,1.00,0.000
9406E80,GLE,10,1.00,0.000
9406F35,GLE,5,1.00,0.000
9406F35,GLE,8,1.00,0.000
9406F35,GLE,9,1.00,0.000
9406F35,GLE,10,1.00,0.000
9406F35,GLE,12,1.00,0.000
9406F35,GLE,14,1.00,14.230
9406F35,GLE,16,1.00,0.000
9406F35,GLE,21,1.00,0.000
9406F35,GLE,22,1.00,2843.190
9406F35,GLE,23,3.00,0.000
9406F45,GLE,10,1.00,0.000
9406F45,GLE,14,2.00,0.000
9406F45,GLE,23,1.00,0.000
9406F50,GLE,7,1.00,0.000
9406F50,GLE,10,1.00,0.000
9406F50,GLE,14,4.00,2057.850
9406F50,GLE,16,1.00,0.000
9406F50,GLE,18,1.00,0.000
9406F50,GLE,20,1.00,0.000
9406F50,GLE,21,1.00,0.000
9406F50,GLE,22,2.00,3577.080
9406F50,GLE,23,2.00,0.000
9406F50,GLE,26,1.00,0.000
9406F50,GLE,30,1.00,5904.330
9406F60,GLE,18,1.00,0.000
9406F60,GLE,23,1.00,0.000
9406F60,GLE,26,1.00,0.000
9406F60,GLE,29,1.00,0.000
9406F70,GLE,27,1.00,0.000
9406F70,GLE,31,1.00,0.000
9406F80,GLE,9,1.00,0.000
9406F90,GLE,7,1.00,0.000
9406F95,GLE,27,1.00,0.000
9406F97,GLE,7,2.00,0.000
9406F97,GLE,23,1.00,0.000
9406OV1,GLE,23,1.00,0.000
9406S10,GLE,5,1.00,0.000
9406S10,GLE,10,2.00,0.000
9406S10,GLE,14,3.00,67.470
9406S10,GLN,14,1.00,0.000
9406S10,GLE,19,1.00,0.000
9406S10,GLE,21,2.00,2017.450
9406S10,GLE,23,3.00,0.000
9406S10,GLE,26,1.00,1161.330
9406S10,GLE,27,2.00,0.000
9406S10,GLE,31,3.00,522.133
9406S10,GLE,32,1.00,14.840
9406S20,GMR,1,1.00,1786.500
9406S20,GMM,1,3.00,3564.226
9406S20,GLE,4,1.00,0.000
9406S20,GLE,5,6.00,3645.515
9406S20,GLE,6,1.00,2272.020
9406S20,GLN,6,1.00,0.000
9406S20,GLE,9,1.00,0.000
9406S20,GLE,10,10.00,511.531
9406S20,GLN,10,1.00,0.000
9406S20,GLE,11,1.00,0.000
9406S20,GLN,11,1.00,0.000
9406S20,GLE,12,1.00,1076.430
9406S20,GLN,12,1.00,265.690
9406S20,GLE,13,1.00,0.000
9406S20,GLE,14,5.00,3685.186
9406S20,GLN,14,1.00,401.170
9406S20,GLE,15,2.00,354.490
9406S20,GLE,16,2.00,6992.645
9406S20,GLE,17,1.00,0.000
9406S20,GLN,17,1.00,137.680
9406S20,GLE,18,9.00,961.637
9406S20,GLN,18,1.00,939.480
9406S20,GLE,19,5.00,6709.166
9406S20,GLN,19,1.00,1426.370
9406S20,GLE,20,3.00,973.686
9406S20,GLE,21,1.00,3840.320
9406S20,GLN,21,1.00,623.700
9406S20,GLE,22,1.00,0.000
9406S20,GLE,23,34.00,1438.736
9406S20,GLE,24,2.00,2917.335
9406S20,GLN,26,1.00,434.180
9406S20,GLE,27,6.00,468.161
9406S20,GLN,27,2.00,50.340
9406S20,GLE,30,1.00,0.000
9406S20,GLE,31,2.00,0.000
9406S20,GLE,32,1.00,1031.440
9406S30,GMM,1,3.00,10119.350
9406S30,GMR,1,1.00,8843.570
9406S30,GLE,5,2.00,194.725
9406S30,GLE,7,1.00,0.000
9406S30,GLE,9,2.00,2257.375
9406S30,GLE,12,1.00,15437.540
9406S30,GLE,14,2.00,47.755
9406S30,GLE,19,1.00,87.110
9406S30,GLE,20,1.00,0.000
9406S30,GLE,22,1.00,0.000
9406S30,GLE,23,6.00,187.213
9406S30,GLN,23,1.00,0.000
9406S30,GLE,24,1.00,0.000
9406S30,GLN,24,2.00,381.775
9406S30,GLE,26,1.00,23871.500
9406S30,GLN,27,1.00,633.740
9406S30,GLE,28,1.00,0.000
9406S30,GLE,31,1.00,0.000
9406S30,GLE,32,1.00,5874.960
9406S3H,GMM,1,1.00,4463.730
9406S40,GLE,23,1.00,8675.780
9406SB3,GLN,8,1.00,23407.840
9406SB3,GLN,9,1.00,23407.840
9662005,GLE,19,1.00,0.000
9662006,GLN,4,1.00,0.000
9662006,GLN,13,1.00,0.000
9662007,GLN,18,1.00,0.000
9662257,GLE,19,1.00,0.000
9672001,GLE,31,1.00,0.000
9672106,GLN,23,1.00,108573.020
9672112,GLN,17,1.00,0.000
96721C6,GLN,27,1.00,3903.400
96721C7,GLN,29,1.00,32892.160
96721C8,GLN,9,1.00,43745.740
96721C8,GLN,27,1.00,28800.000
9672C05,GLE,17,1.00,43651.510
9672C05,GLE,18,1.00,10342.510
9672R06,GMM,1,13.00,23609.386
9672R06,GMP,1,3.00,24133.403
9672R06,GLN,5,4.00,161838.605
9672R06,GLN,8,1.00,0.000
9672R06,GLE,13,1.00,34987.400
9672R06,GLE,14,3.00,14572.366
9672R06,GLN,18,1.00,27045.570
9672R06,GLE,19,1.00,79624.300
9672R06,GLN,21,2.00,53279.370
9672R06,GLE,23,6.00,2215.883
9672R06,GLN,23,1.00,29151.880
9672R06,GLE,24,1.00,18320.590
9672R06,GLE,25,1.00,18320.590
9672R06,GLN,25,1.00,60411.390
9672R06,GLN,27,2.00,26691.560
9672R06,GLN,31,1.00,25985.110
9672R06,GLN,32,2.00,32192.100
9672R12,GLE,9,1.00,5777.700
9672R12,GLN,22,1.00,2561.110
9672R12,GLE,27,1.00,89.420
9672R12,GLE,30,1.00,7812.480
9672R14,GMP,1,2.00,1884.805
9672R14,GLE,11,1.00,28198.610
9672R14,GLE,14,1.00,145.710
9672R14,GLE,23,4.00,0.000
9672R15,GMM,1,2.00,313.765
9672R15,GMP,1,3.00,3778.356
9672R15,GLE,9,1.00,0.000
9672R15,GLN,21,1.00,0.000
9672R15,GLE,23,2.00,16265.935
9672R15,GLN,23,1.00,3490.400
9672R15,GLE,27,1.00,0.000
9672R16,GMM,1,2.00,471.615
9672R16,GMP,1,2.00,25766.390
9672R16,GLE,10,1.00,0.000
9672R16,GLE,12,1.00,12993.970
9672R16,GLE,18,1.00,0.000
9672R16,GLE,22,1.00,12860.010
9672R16,GLE,23,2.00,9899.825
9672R16,GLN,27,1.00,0.000
9672R16,GLN,30,1.00,0.000
9672R22,GLE,5,1.00,0.000
9672R22,GLE,9,1.00,0.000
9672R22,GLE,23,1.00,154.540
9672R24,GMM,1,2.00,287.920
9672R24,GMP,1,2.00,21705.255
9672R24,GLN,5,1.00,220.670
9672R24,GLE,5,1.00,0.000
9672R24,GLE,13,1.00,0.000
9672R24,GLN,18,2.00,4893.935
9672R24,GLE,21,1.00,0.000
9672R24,GLE,23,1.00,0.000
9672R24,GLE,26,1.00,13347.790
9672R24,GLE,27,1.00,0.000
9672R24,GLN,27,1.00,5189.780
9672R24,GLN,31,1.00,0.000
9672R25,GMM,1,5.00,4551.914
9672R25,GMP,1,3.00,2808.330
9672R25,GLE,10,3.00,35278.430
9672R25,GLN,10,1.00,3131.590
9672R25,GLE,18,1.00,0.000
9672R25,GLN,18,2.00,37229.705
9672R25,GLE,20,1.00,0.000
9672R26,GMM,1,3.00,20523.353
9672R26,GMP,1,5.00,48808.162
9672R26,GLE,10,3.00,11645.696
9672R26,GLE,11,1.00,27014.620
9672R26,GLN,13,2.00,26183.995
9672R26,GLE,14,1.00,20655.460
9672R26,GLN,14,1.00,25816.410
9672R26,GLN,19,1.00,20628.560
9672R26,GLN,20,1.00,0.000
9672R26,GLE,21,1.00,0.000
9672R26,GLN,22,2.00,12664.660
9672R26,GLE,23,1.00,3054.900
9672R26,GLN,23,2.00,3962.765
9672R26,GLN,27,1.00,0.000
9672R26,GLN,31,1.00,14024.830
9672R32,GMM,1,1.00,100.000
9672R32,GLE,14,1.00,245.300
9672R32,GLE,25,1.00,163.170
9672R32,GLE,30,1.00,67181.700
9672R34,GMM,1,1.00,810.000
9672R34,GMP,1,1.00,1418.580
9672R34,GLN,10,1.00,3061.130
9672R34,GLN,23,1.00,0.000
9672R34,GLN,31,1.00,192475.000
9672R35,GMM,1,4.00,27.322
9672R35,GMP,1,3.00,4797.346
9672R35,GLN,5,1.00,9702.430
9672R35,GLN,7,1.00,0.000
9672R35,GLE,10,1.00,7567.840
9672R35,GLE,23,3.00,275239.823
9672R35,GLN,23,1.00,0.000
9672R35,GLE,27,1.00,0.000
9672R35,GLE,31,1.00,0.000
9672R36,GMM,1,10.00,41207.589
9672R36,GMP,1,2.00,60006.980
9672R36,GLE,5,1.00,331180.510
9672R36,GLE,9,1.00,290312.740
9672R36,GLN,9,1.00,88247.810
9672R36,GLE,10,2.00,25533.115
9672R36,GLE,14,3.00,80414.623
9672R36,GLN,18,1.00,35644.620
9672R36,GLN,19,1.00,9009.000
9672R36,GLE,22,1.00,0.000
9672R36,GLE,23,1.00,15002.700
9672R36,GLN,23,1.00,0.000
9672R36,GLN,26,1.00,25347.270
9672R36,GLN,27,1.00,16732.880
9672R36,GLN,31,1.00,163939.150
9672R41,GLE,27,1.00,0.000
9672R42,GLE,9,1.00,0.000
9672R42,GLE,20,1.00,51767.310
9672R42,GLE,23,1.00,0.000
9672R42,GLE,27,1.00,0.000
9672R44,GMM,1,1.00,1.000
9672R44,GLE,5,1.00,116739.820
9672R44,GLN,6,1.00,0.000
9672R44,GLE,10,1.00,10342.890
9672R44,GLE,23,2.00,139.410
9672R45,GMM,1,3.00,305.953
9672R45,GMP,1,3.00,3849.656
9672R45,GLN,6,1.00,33794.840
9672R45,GLN,13,1.00,0.000
9672R45,GLE,22,1.00,0.000
9672R45,GLN,31,1.00,0.000
9672R46,GMM,1,12.00,51286.884
9672R46,GMP,1,4.00,101119.495
9672R46,GLN,6,2.00,39985.545
9672R46,GLE,8,1.00,203875.570
9672R46,GLN,8,1.00,0.000
9672R46,GLE,10,4.00,26655.842
9672R46,GLN,14,2.00,24491.550
9672R46,GLN,23,3.00,3694.170
9672R46,GLN,27,1.00,33574.350
9672R46,GLN,31,1.00,0.000
9672R52,GMP,1,1.00,2.000
9672R52,GLN,31,1.00,0.000
9672R53,GLE,23,2.00,131.700
9672R54,GMM,1,1.00,928.070
9672R54,GMP,1,3.00,2805.603
9672R54,GLE,12,1.00,496585.190
9672R54,GLN,17,1.00,0.000
9672R55,GMM,1,2.00,62.575
9672R55,GMP,1,2.00,4712.865
9672R55,GLN,5,1.00,12704.840
9672R55,GLN,9,1.00,0.000
9672R55,GLE,11,1.00,275600.690
9672R55,GLN,12,1.00,8255.840
9672R55,GLE,23,1.00,0.000
9672R55,GLE,31,1.00,0.000
9672R56,GMM,1,10.00,70538.434
9672R56,GMP,1,5.00,71349.476
9672R56,GLN,5,1.00,0.000
9672R56,GLN,7,1.00,0.000
9672R56,GLN,9,1.00,0.000
9672R56,GLE,10,1.00,0.000
9672R56,GLN,10,2.00,32929.875
9672R56,GLN,11,1.00,0.000
9672R56,GLE,23,1.00,86553.800
9672R56,GLN,23,1.00,0.000
9672R56,GLN,27,2.00,63393.055
9672R56,GLN,32,1.00,0.000
9672R61,GLE,27,1.00,0.000
9672R63,GLE,8,1.00,0.000
9672R63,GLE,13,1.00,0.000
9672R63,GLE,23,1.00,225.060
9672R63,GLE,24,1.00,0.000
9672R63,GLE,26,1.00,0.000
9672R64,GMP,1,1.00,7182.780
9672R64,GLE,4,1.00,0.000
9672R64,GLE,12,1.00,0.000
9672R64,GLN,23,1.00,13406.350
9672R64,GLE,25,1.00,0.000
9672R64,GLE,26,1.00,0.000
9672R65,GMM,1,2.00,414.995
9672R65,GMP,1,3.00,8104.290
9672R65,GLN,4,1.00,10024.450
9672R65,GLN,5,2.00,4246.630
9672R65,GLE,14,2.00,277.410
9672R65,GLE,23,2.00,153635.170
9672R65,GLE,26,1.00,49285.990
9672R65,GLE,32,1.00,140909.480
9672R66,GMM,1,5.00,31362.124
9672R66,GMP,1,5.00,77472.912
9672R66,GLN,14,1.00,0.000
9672R66,GLE,23,1.00,0.000
9672R66,GLE,24,1.00,325320.330
9672R66,GLN,27,1.00,9843.410
9672R73,GLE,23,1.00,0.000
9672R73,GLE,27,1.00,0.000
9672R74,GLE,10,1.00,0.000
9672R75,GMP,1,2.00,9045.235
9672R75,GLE,10,1.00,2017.730
9672R75,GLN,16,1.00,0.000
9672R75,GLN,18,1.00,0.000
9672R75,GLE,24,1.00,0.000
9672R75,GLE,27,1.00,0.000
9672R76,GMM,1,3.00,85092.673
9672R76,GMP,1,3.00,40946.460
9672R76,GLN,5,1.00,282654.930
9672R76,GLN,19,2.00,8837.675
9672R76,GLN,28,1.00,0.000
9672R83,GLE,23,1.00,0.000
9672R84,GMM,1,1.00,0.010
9672R85,GMP,1,6.00,4528.543
9672R85,GLE,23,1.00,0.000
9672R85,GLN,23,1.00,13322.650
9672R85,GLN,25,1.00,0.000
9672R85,GLE,26,1.00,0.000
9672R86,GMM,1,5.00,76073.990
9672R86,GMP,1,1.00,163927.120
9672R86,GLN,22,1.00,71702.620
9672R86,GLN,25,1.00,54999.120
9672R86,GLN,31,1.00,0.000
9672R94,GLE,24,1.00,0.000
9672R94,GLE,27,1.00,0.000
9672R95,GMM,1,1.00,0.960
9672R95,GMP,1,2.00,12340.855
9672R95,GLE,24,1.00,0.000
9672R96,GMM,1,1.00,105479.150
9672R96,GMP,1,1.00,193231.020
9672R96,GLE,10,2.00,0.000
9672RA2,GLE,9,1.00,0.000
9672RA2,GLE,23,1.00,0.000
9672RA4,GLE,23,1.00,0.000
9672RA5,GMM,1,1.00,431.000
9672RA5,GMP,1,1.00,1866.170
9672RA5,GLN,7,1.00,0.000
9672RA6,GMM,1,5.00,11493.214
9672RA6,GMP,1,1.00,25146.310
9672RA6,GLN,5,1.00,1858.360
9672RA6,GLE,10,1.00,0.000
9672RA6,GLN,10,2.00,14543.645
9672RA6,GLE,23,2.00,6288.100
9672RA6,GLN,23,1.00,2286.900
9672RA6,GLE,27,1.00,0.000
9672RB4,GMP,1,1.00,1961.750
9672RB4,GLE,9,1.00,0.000
9672RB5,GMM,1,1.00,1.000
9672RB5,GMP,1,4.00,3991.947
9672RB5,GLN,4,1.00,7289.630
9672RB5,GLE,10,1.00,148.730
9672RB5,GLN,13,1.00,0.000
9672RB5,GLN,16,1.00,9901.940
9672RB5,GLE,23,4.00,15527.300
9672RB5,GLN,27,1.00,0.000
9672RB5,GLN,29,1.00,0.000
9672RB5,GLN,31,1.00,0.000
9672RB6,GMM,1,6.00,28815.621
9672RB6,GMP,1,2.00,41293.485
9672RB6,GLN,20,1.00,0.000
9672RB6,GLN,22,1.00,5213.660
9672RB6,GLE,23,1.00,0.000
9672RB6,GLN,23,1.00,3878.200
9672RB6,GLN,24,1.00,21229.140
9672RB6,GLN,31,1.00,10236.940
9672RC4,GMM,1,1.00,0.960
9672RC4,GLE,10,1.00,0.000
9672RC4,GLE,14,1.00,28995.490
9672RC4,GLE,23,1.00,0.000
9672RC5,GMM,1,1.00,0.980
9672RC5,GMP,1,2.00,5251.170
9672RC5,GLE,23,1.00,0.000
9672RC6,GMM,1,4.00,34149.090
9672RC6,GMP,1,5.00,46731.692
9672RC6,GLN,5,1.00,0.000
9672RC6,GLN,10,1.00,37109.120
9672RC6,GLN,18,1.00,0.000
9672RC6,GLN,21,1.00,0.000
9672RC6,GLE,23,2.00,1025.035
9672RC6,GLN,28,1.00,10843.290
9672RC6,GLN,31,1.00,18894.050
9672RD6,GMM,1,1.00,102470.360
9672RD6,GLN,9,1.00,5306.960
9672RD6,GLN,10,1.00,2390.780
9672RD6,GLE,14,1.00,2247.840
9672RX3,GLE,23,1.00,9.000
9672RX3,GLE,24,1.00,0.000
9672RX4,GMM,1,1.00,646.110
9672RX4,GMP,1,2.00,8776.850
9672RX4,GLE,10,1.00,0.000
9672RX4,GLN,21,1.00,1900.800
9672RX5,GMM,1,1.00,842.500
9672RX5,GLE,10,2.00,0.000
9672RX5,GLE,27,3.00,0.000
9672RX6,GMM,1,2.00,168001.095
9672RX6,GMP,1,3.00,173011.413
9672RY4,GMP,1,1.00,3419.710
9672RY4,GLE,14,1.00,0.000
9672RY4,GLE,25,1.00,0.000
9672RY5,GMP,1,1.00,60512.800
9672RY5,GLE,8,1.00,0.000
9672RY5,GLE,14,1.00,9.000
9672RY5,GLE,23,1.00,0.000
9672RY5,GLE,24,3.00,0.000
9672RY5,GLE,25,2.00,0.000
9672RY5,GLE,26,1.00,0.000
9672T16,GMM,1,2.00,16348.115
9672T16,GLE,10,2.00,17576.320
9672T16,GLE,32,2.00,6273.010
9672T26,GMM,1,3.00,34396.253
9672T26,GMP,1,3.00,75021.340
9672T26,GLN,9,1.00,63147.520
9672X17,GMM,1,1.00,32334.000
9672X17,GMP,1,1.00,425755.720
9672X27,GMP,1,1.00,170050.450
9672X27,GLN,10,1.00,14416.370
9672X27,GLE,23,1.00,40631.890
9672X37,GMM,1,4.00,73064.847
9672X37,GMP,1,3.00,94781.743
9672X37,GLE,10,1.00,76758.740
9672X37,GLN,10,2.00,83230.590
9672X37,GLE,18,1.00,73273.750
9672X37,GLE,23,3.00,20945.653
9672X37,GLN,23,1.00,0.000
9672X37,GLN,24,1.00,80014.960
9672X47,GMM,1,3.00,48952.580
9672X47,GMP,1,1.00,177760.620
9672X47,GLN,8,1.00,0.000
9672X47,GLE,23,1.00,75255.810
9672X57,GMM,1,1.00,627.890
9672X57,GMP,1,3.00,216792.816
9672X57,GLN,29,1.00,25857.630
9672X67,GMP,1,11.00,111189.776
9672X67,GLE,23,1.00,0.000
9672X77,GMM,1,3.00,157290.076
9672X77,GMP,1,1.00,301307.560
9672X77,GLE,10,2.00,0.000
9672X77,GLN,27,1.00,260658.590
9672X77,GLN,28,1.00,109161.310
9672X87,GMP,1,2.00,143389.900
9672X87,GLN,23,2.00,34199.945
9672X97,GMM,1,1.00,587.990
9672XX7,GMP,1,5.00,243533.664
9672XX7,GLN,7,1.00,178058.350
9672XY7,GMM,1,1.00,203712.000
9672XY7,GMP,1,3.00,422726.256
9672XZ7,GMP,1,3.00,407044.186
9672Y16,GLN,31,1.00,12512.310
9672Y26,GMM,1,1.00,75952.000
9672Y26,GLN,23,1.00,9902.620
9672Y36,GMM,1,2.00,61644.500
9672Y36,GLN,31,1.00,24352.150
9672Y46,GMM,1,1.00,126690.000
9672Y46,GLE,23,1.00,0.000
9672Y46,GLE,24,1.00,138168.660
9672Y56,GMM,1,3.00,69887.796
9672Y56,GMP,1,1.00,62410.050
9672Y56,GLE,23,4.00,16363.740
9672Y56,GLE,27,2.00,524736.000
9672Y66,GMM,1,1.00,70000.000
9672Y66,GMP,1,2.00,149021.850
9672Y76,GMM,1,4.00,151894.887
9672Y76,GLE,23,1.00,62317.330
9672Y86,GMM,1,2.00,151755.000
9672Y86,GMP,1,2.00,219183.530
9672Y86,GLE,23,1.00,0.000
9672Y86,GLE,31,1.00,0.000
9672Y96,GMM,1,3.00,85543.706
9672Y96,GLN,10,1.00,98127.740
9672YX6,GMM,1,1.00,204139.800
9672YX6,GLE,16,1.00,58832.670
9672YX6,GLE,24,1.00,77440.920
9672YX6,GLE,26,3.00,208681.523
9672Z17,GMP,1,1.00,103194.950
9672Z27,GMP,1,1.00,58745.360
9672Z27,GLN,27,1.00,80070.080
9672Z37,GMP,1,2.00,76412.685
9672Z37,GLN,5,1.00,24162.640
9672Z47,GMP,1,4.00,172853.555
9672Z47,GLN,14,1.00,282328.250
9672Z57,GMM,1,4.00,125152.590
9672Z57,GMP,1,2.00,229965.380
9672Z57,GLE,23,1.00,112484.100
9672Z57,GLN,23,2.00,118099.420
9672Z67,GMM,1,2.00,125980.990
9672Z67,GMP,1,6.00,309498.261
9672Z67,GLN,23,1.00,48490.560
9672Z67,GLN,27,1.00,148570.400
9672Z77,GMM,1,4.00,214482.922
9672Z77,GMP,1,4.00,358008.140
9672Z77,GLN,10,1.00,17593.480
9672Z77,GLE,27,1.00,139920.900
9672Z77,GLN,31,1.00,149251.140
9672Z87,GMM,1,10.00,244280.815
9672Z87,GMP,1,4.00,354938.197
9672Z87,GLN,5,1.00,272516.330
9672Z87,GLE,6,1.00,0.000
9672Z87,GLN,7,1.00,220370.810
9672Z87,GLE,23,2.00,0.000
9672Z87,GLN,24,1.00,33518.600
9672Z97,GMM,1,4.00,323619.220
9672Z97,GMP,1,1.00,349071.210
9672Z97,GLN,10,1.00,18201.220
9672ZX7,GMM,1,4.00,244376.052
9672ZX7,GMP,1,3.00,259934.396
9672ZX7,GLN,10,1.00,14631.350
9672ZY7,GMM,1,2.00,331151.250
9672ZY7,GMP,1,2.00,244507.095
9672ZZ7,GMM,1,5.00,298341.794
9672ZZ7,GMP,1,4.00,323825.477
9672ZZ7,GLE,23,1.00,25400.080
9674C01,GLE,23,1.00,0.000
9674C02,GLE,16,2.00,76173.640
9674C02,GLE,27,1.00,0.000
9674C04,GMM,1,3.00,452.783
9674C04,GMP,1,6.00,4086.936
9674C04,GLE,5,1.00,0.000
9674C04,GLN,5,1.00,9094.680
9674C04,GLE,13,1.00,26214.850
9674C04,GLN,13,1.00,0.000
9674C04,GLE,14,1.00,17.430
9674C04,GLE,21,1.00,0.000
9674C04,GLE,23,1.00,124.720
9674C04,GLE,27,1.00,0.000
9674C04,GLN,27,1.00,0.000
9674C04,GLN,29,1.00,0.000
9674C04,GLE,31,1.00,0.000
9674C05,GMM,1,3.00,394.113
9674C05,GMP,1,2.00,2879.985
9674C05,GLE,4,1.00,0.000
9674C05,GLN,5,1.00,559.120
9674C05,GLN,22,1.00,0.000
9674C05,GLN,23,1.00,0.000
9674C05,GLE,26,1.00,0.000
9674C05,GLN,32,2.00,0.000
9674R06,GLN,5,1.00,17743.540
9674R06,GLN,11,1.00,0.000
9674R06,GLN,19,1.00,0.000
9674R06,GLN,23,2.00,0.000
9674R06,GLN,31,2.00,10219.160
9797001,GLN,28,2.00,0.000
